URL,MobileURL,Date,Title
"https://www.hellenicshippingnews.com/oil-prices-hold-gains-amid-geopolitical-tensions-supply-concerns/","","2026-01-26 12:30:00","Oil prices hold gains amid geopolitical tensions , supply concerns | Hellenic Shipping News Worldwide"
"https://dunyanews.tv/en/Business/931653-oil-little-changed-as-supply-concerns-temper-us-winter-output-disrupti","https://dunyanews.tv/amp/english/931653.php","2026-01-26 05:00:00","Oil little changed as supply concerns temper US winter output disruptions"
"https://www.businesstimes.com.sg/companies-markets/energy-commodities/oil-little-changed-supply-concerns-temper-us-winter-output-disruptions","","2026-01-26 04:00:00","Oil little changed as supply concerns temper US winter output disruptions"
"https://www.oilandgas360.com/oil-prices-slip-slightly-after-strong-gains-geopolitical-tensions-remain/","","2026-01-26 21:30:00","Oil prices slip slightly after strong gains ; geopolitical tensions remain – Oil & Gas 360"
"https://www.businessday.co.za/markets/2026-01-26-oil-steady-amid-supply-worries-and-distruptions/","","2026-01-26 07:15:00","Oil steady amid supply worries and distruptions"
"https://en.apa.az/energy-and-industry/oil-little-changed-as-supply-concerns-temper-us-winter-output-disruptions-489919","","2026-01-26 06:30:00","Oil little changed as supply concerns temper US winter output disruptions"
"https://www.naftemporiki.gr/english/2063928/chinese-greek-shipping-companies-resume-suez-canal-transits/","","2026-01-26 12:30:00","Chinese , Greek shipping companies resume Suez Canal transits"
"https://www.finanznachrichten.de/nachrichten-2026-01/67528657-crude-oil-moves-lower-amid-profit-taking-kazakhstan-s-output-resumption-020.htm","","2026-01-26 21:00:00","Crude Oil Moves Lower Amid Profit Taking , Kazakhstan Output Resumption"
"https://oilprice.com/Latest-Energy-News/World-News/Russias-Arctic-LNG-Defies-Sanctions-as-China-Keeps-the-Gas-Flowing.html","https://oilprice.com/Latest-Energy-News/World-News/Russias-Arctic-LNG-Defies-Sanctions-as-China-Keeps-the-Gas-Flowing.amp.html","2026-01-26 17:15:00","Russia Arctic LNG Defies Sanctions as China Keeps the Gas Flowing"
"http://www.econotimes.com/Oil-Prices-Rise-as-US-Iran-Tensions-Fuel-Supply-Concerns-Despite-Pipeline-Recovery-1731830","","2026-01-26 03:15:00","Oil Prices Rise as U . S .- Iran Tensions Fuel Supply Concerns Despite Pipeline Recovery"
"https://shipandbunker.com/news/world/446878-global-oil-supply-set-to-rise-further-in-2026-despite-geopolitical-tensions-iea","","2026-01-26 09:15:00","Global Oil Supply Set to Rise Further in 2026 Despite Geopolitical Tensions : IEA"
"https://www.marketscreener.com/news/planting-hedges-early-ce7e5bdbdd8cf227","","2026-01-26 14:30:00","Planting Hedges Early"
"https://www.thehindubusinessline.com/markets/commodities/opec-may-stick-with-supply-pause-in-march/article70552462.ece","https://www.thehindubusinessline.com/markets/commodities/opec-may-stick-with-supply-pause-in-march/article70552462.ece/amp/","2026-01-26 10:15:00","OPEC+ may stick with supply pause in March - The HinduBusinessLine"
"https://www.businesstimes.com.sg/companies-markets/energy-commodities/oil-prices-settle-lower-traders-assess-impact-winter-storm-production","","2026-01-26 23:15:00","Oil prices settle lower as traders assess impact of winter storm on production"
"https://www.marketscreener.com/news/nymex-overview-diesel-futures-continue-to-rally-while-oil-and-gasoline-contracts-weaken-opis-ce7e5bdbdf8af527","","2026-01-26 18:00:00","NYMEX Overview : Diesel Futures Continue to Rally , While Oil and Gasoline Contracts Weaken -- OPIS"
"https://www.asiaone.com/money/oil-prices-rise-harsh-winter-disrupts-us-output","","2026-01-26 10:15:00","Oil prices rise as harsh winter disrupts US output"
"https://www.livemint.com/market/oil-prices-settle-lower-as-traders-assess-impact-of-winter-storm-on-production-11769458108467.html","https://www.livemint.com/market/oil-prices-settle-lower-as-traders-assess-impact-of-winter-storm-on-production/amp-11769458108467.html","2026-01-26 22:00:00","Oil prices settle lower as traders assess impact of winter storm on production"
"https://economictimes.indiatimes.com/markets/commodities/news/oil-holds-onto-gains-as-iran-keeps-investors-on-edge/articleshow/127521150.cms","https://m.economictimes.com/markets/commodities/news/oil-holds-onto-gains-as-iran-keeps-investors-on-edge/amp_articleshow/127521150.cms","2026-01-26 04:00:00","Oil holds onto gains as Iran keeps investors on edge"
"https://auto.economictimes.indiatimes.com/news/oil-and-lubes/oil-holds-onto-gains-as-iran-keeps-investors-on-edge/127527536","https://auto.economictimes.indiatimes.com/amp/news/oil-and-lubes/oil-holds-onto-gains-as-iran-keeps-investors-on-edge/127527536","2026-01-26 06:30:00","Oil Prices Surge Amid US - Iran Tensions and Kazakhstan Pipeline Resumes , ETAuto"
"https://wsyr.iheart.com/content/2026-01-26-central-ny-gas-prices-dip-slightly-as-national-average-holds-below-3-mark/","","2026-01-26 18:30:00","Central NY Gas Prices Dip Slightly as National Average Holds Below $3 Mark"
"https://finance.yahoo.com/news/sanctions-strikes-squeeze-russia-fuel-133000847.html","","2026-01-26 15:00:00","Sanctions and Strikes Squeeze Russia Fuel Oil Flows to Asia"
"https://oilprice.com/Latest-Energy-News/World-News/Sanctions-and-Strikes-Squeeze-Russias-Fuel-Oil-Flows-to-Asia.html","https://oilprice.com/Latest-Energy-News/World-News/Sanctions-and-Strikes-Squeeze-Russias-Fuel-Oil-Flows-to-Asia.amp.html","2026-01-26 15:45:00","Sanctions and Strikes Squeeze Russia Fuel Oil Flows to Asia"
"https://www.rigzone.com/news/wire/aramco_starts_1st_bond_sale_of_the_year-26-jan-2026-182853-article/","","2026-01-26 21:45:00","Aramco Starts 1st Bond Sale of The Year"
"https://dailytrust.com/naira-slides-as-reserves-rise-to-46bn/","","2026-01-26 08:15:00","Naira slides as reserves rise to $46bn"
"https://sana.sy/en/economic/2292637/","","2026-01-26 15:00:00","Oil gains slightly as gold surges past $5 , 000 amid geopolitical tensions"
"https://www.marketscreener.com/news/gold-blasts-past-5-000-dollar-sinks-against-yen-on-intervention-risk-ce7e5bdbda8efe24","","2026-01-26 13:30:00","Gold blasts past $5 , 000 , dollar sinks against yen on intervention risk"
"https://www.hellenicshippingnews.com/can-china-rely-on-domestic-oil-after-iran-venezuela-shocks/","","2026-01-26 12:30:00","Can China rely on domestic oil after Iran , Venezuela shocks ? | Hellenic Shipping News Worldwide"
"https://finance.yahoo.com/news/russian-urals-oil-trades-close-134219343.html","","2026-01-26 15:00:00","Russian Urals oil trades at close to widest discounts since 2022 in India , sources say"
"https://www.argusmedia.com/en/news-and-insights/latest-market-news/2780453-venezuela-s-crude-revival-makes-slow-start","","2026-01-26 17:00:00","Venezuela crude revival makes slow start | Latest Market News"
"https://www.thehindubusinessline.com/markets/commodities/us-west-coast-refinery-maintenance-domestic-refinery-capacity-additions-to-keep-indias-product-exports-stable/article70553117.ece","https://www.thehindubusinessline.com/markets/commodities/us-west-coast-refinery-maintenance-domestic-refinery-capacity-additions-to-keep-indias-product-exports-stable/article70553117.ece/amp/","2026-01-26 17:45:00","US West Coast refinery maintenance , domestic refinery capacity additions to keep India product exports stable"
"https://www.thehindubusinessline.com/news/us-west-coast-refinery-maintenance-domestic-refinery-capacity-additions-to-keep-indias-product-exports-stable/article70553117.ece","https://www.thehindubusinessline.com/news/us-west-coast-refinery-maintenance-domestic-refinery-capacity-additions-to-keep-indias-product-exports-stable/article70553117.ece/amp/","2026-01-26 14:30:00","US West Coast refinery maintenance , domestic refinery capacity additions to keep India product exports stable"
"https://finance.yahoo.com/news/michigan-gas-prices-fall-2-190639770.html","","2026-01-26 19:45:00","Michigan gas prices fall to $2 . 86 , but it may be a short - lived dip"
"http://www.hydrocarbonprocessing.com/news/2026/01/south-koreas-s-oil-says-q1-refining-margins-to-stay-robust/","","2026-01-26 17:00:00","South Korea S - Oil says Q1 refining margins to stay robust"
"https://dailytrust.com/why-japa-syndrome-is-inevitable-in-oil-and-gas-industry-ex-pengassan-president/","","2026-01-26 08:15:00","Why Japa syndrome is inevitable in oil and gas industry – Ex - PENGASSAN president"
"https://allafrica.com/stories/202601260153.html","","2026-01-26 10:15:00","Nigeria : Can Nigeria Projected Growth Add Up to 2026 Global Oil Demand Forecast"
"https://www.zerohedge.com/markets/stocks-rally-earnings-take-focus-despite-looming-trade-uncertainty-newsquawk-us-market-wrap","","2026-01-26 23:15:00","Stocks rally as earnings take focus despite looming trade uncertainty - Newsquawk US Market Wrap"
"https://www.hellenicshippingnews.com/what-trumps-renewed-attack-on-iran-could-mean-for-oil-prices/","","2026-01-26 03:15:00","What Trump renewed attack on Iran could mean for oil prices | Hellenic Shipping News Worldwide"
"https://www.philstar.com/business/2026/01/26/2503609/jan-27-diesel-p140-continues-five-week-price-hike","https://www.philstar.com/business/2026/01/26/2503609/jan-27-diesel-p140-continues-five-week-price-hike/amp/","2026-01-26 04:15:00","Jan . 27 : Diesel up by P1 . 40 , continues five - week price hike"
"https://qa.philstar.com/business/2026/01/26/2503609/jan-27-diesel-p140-continues-five-week-price-hike","https://qa.philstar.com/business/2026/01/26/2503609/jan-27-diesel-p140-continues-five-week-price-hike/amp/","2026-01-26 04:15:00","Jan . 27 : Diesel up by P1 . 40 , continues five - week price hike"
"https://finance.yahoo.com/news/opec-likely-maintain-oil-production-113335615.html","","2026-01-26 12:15:00","OPEC+ likely to maintain oil production pause for March as prices climb , sources say"
"https://punchng.com/dangote-switches-to-lighter-crude-amid-cracker-downtime/","https://punchng.com/dangote-switches-to-lighter-crude-amid-cracker-downtime/?amp","2026-01-26 00:15:00","Dangote switches to lighter crude amid cracker downtime"
"http://baystreet.ca/commodities/8467/Low-Prices-Strong-Demand-and-the-Cracks-in-the-Oil-Glut-Story","/amp/articles/Commodities.aspx?articleid=118007","2026-01-26 13:00:00","Baystreet . ca - Low Prices , Strong Demand , and the Cracks in the Oil Glut Story"
"https://www.zerohedge.com/markets/democrat-schumer-threatens-partial-government-shutdown-usdjpy-extends-below-154-double","","2026-01-26 14:15:00","Democrat Schumer threatens a partial government shutdown ; USD / JPY extends below 154 on double intervention risks - Newsquawk US Market Open"
"https://www.fxstreet.com/news/pound-sterling-trades-cautiously-to-start-a-data-light-week-202601260957","https://www.fxstreet.com/amp/news/pound-sterling-trades-cautiously-to-start-a-data-light-week-202601260957","2026-01-26 10:30:00","Pound Sterling trades cautiously to start a data - light week"
"https://www.marketscreener.com/news/gold-surges-above-5-000-on-shutdown-fears-2-ce7e5bdbdd80f12c","","2026-01-26 15:30:00","Gold Surges Above $5 , 000 on Shutdown Fears , - 2 - "
"https://www.hellenicshippingnews.com/india-govt-pivots-crude-sourcing-for-certainty-keeps-select-russian-barrels/","","2026-01-26 23:00:00","India :  Govt pivots crude sourcing for certainty , keeps select Russian barrels  "
"https://www.zerohedge.com/geopolitical/cuba-charges-us-imposing-marine-siege-piracy-its-oil-imports","","2026-01-26 04:30:00","Cuba Charges US With Imposing  Marine Siege  For  Piracy  Of Its Oil Imports"
"https://www.philstar.com/world/2026/01/26/2503598/what-russias-shadow-fleet-and-how-does-it-work","https://www.philstar.com/world/2026/01/26/2503598/what-russias-shadow-fleet-and-how-does-it-work/amp/","2026-01-26 01:00:00","What is Russia  shadow fleet  and how does it work ? "
"https://qa.philstar.com/world/2026/01/26/2503598/what-russias-shadow-fleet-and-how-does-it-work","https://qa.philstar.com/world/2026/01/26/2503598/what-russias-shadow-fleet-and-how-does-it-work/amp/","2026-01-26 01:15:00","What is Russia  shadow fleet  and how does it work ? "
"https://www.fxstreet.com/news/eur-usd-falls-toward-11850-due-to-safe-haven-demand-202601260107","https://www.fxstreet.com/amp/news/eur-usd-falls-toward-11850-due-to-safe-haven-demand-202601260107","2026-01-26 01:45:00","EUR / USD falls toward 1 . 1850 due to safe - haven demand"
"https://punchng.com/30-vessels-to-arrive-lagos-ports-with-petroleum-products-food-npa/","https://punchng.com/30-vessels-to-arrive-lagos-ports-with-petroleum-products-food-npa/?amp","2026-01-26 12:15:00","30 Ships to Arrive Lagos Ports with Fuel & Food Says NPA"
"https://sundayworld.co.za/business/why-i-am-sceptical-of-the-imfs-latest-south-africa-growth-forecast/","","2026-01-26 14:15:00","Why I am sceptical of the IMF latest South Africa growth forecast"
"https://www.hellenicshippingnews.com/irans-growing-political-unrest-exposing-cracks-in-regimes-oil-revenue-model/","","2026-01-26 03:15:00","Iran growing political unrest exposing cracks in regime oil revenue model | Hellenic Shipping News Worldwide"
"https://www.digitaljournal.com/world/what-is-russias-shadow-fleet-and-how-does-it-work/article","","2026-01-26 04:00:00","What is Russia  shadow fleet  and how does it work ? "
"https://wjon.com/gas-price-rise-minnesota/","","2026-01-26 15:00:00","Why Gas Prices Are Rising Again In Minnesota"
"https://newsroompanama.com/2026/01/26/the-us-sets-sights-on-china-in-south-america/","","2026-01-26 19:45:00","The US Sets Sights on China in South America"
"https://www.thehindubusinessline.com/companies/reliance-stays-away-from-russian-oil-public-sector-firms-lap-it-up/article70551933.ece","https://www.thehindubusinessline.com/companies/reliance-stays-away-from-russian-oil-public-sector-firms-lap-it-up/article70551933.ece/amp/","2026-01-26 08:30:00","Reliance stays away from Russian oil , public sector firms lap it up"
"https://www.finanzen.ch/nachrichten/aktien/asian-markets-mixed-amid-cautious-trades-1035743764","","2026-01-26 04:15:00","Asian Markets Mixed Amid Cautious Trades"
"https://www.marketscreener.com/news/gold-surpasses-5-000-yen-strengthens-on-intervention-fear-ce7e5bdad08ffe2c","","2026-01-26 05:30:00","Gold surpasses $5 , 000 , yen strengthens on intervention fear"
"https://www.siasat.com/chinas-interests-in-venezuela-now-subject-to-trump-preferences-report-3331478/","","2026-01-26 07:45:00","China interests in Venezuela now subject to Trump preferences : Report"
"https://www.fxstreet.com/news/eur-usd-soars-above-11800-as-yen-intervention-rumors-slam-dollar-202601232113","https://www.fxstreet.com/amp/news/eur-usd-soars-above-11800-as-yen-intervention-rumors-slam-dollar-202601232113","2026-01-26 01:45:00","EUR / USD soars above 1 . 1800 as Yen intervention rumors slam Dollar"
"https://indianexpress.com/article/world/scott-bessent-europe-financing-war-russia-oil-india-donald-trump-tariffs-10495838/","https://indianexpress.com/article/world/scott-bessent-europe-financing-war-russia-oil-india-donald-trump-tariffs-10495838/lite/","2026-01-26 16:15:00","Top Trump aide Scott Bessent says Europe financing  war  against itself by buying oil products from India | World News"
"https://www.marketscreener.com/news/u-s-futures-flat-european-stocks-mixed-ce7e5bdbd88cf72d","","2026-01-26 09:15:00","U . S . Futures Flat , European Stocks Mixed"
"https://www.hellenicshippingnews.com/oil-storage-expands-globally-as-energy-security-trading-drive-demand/","","2026-01-26 12:30:00","Oil storage expands globally as energy security , trading drive demand | Hellenic Shipping News Worldwide"
"https://saharareporters.com/2026/01/26/nigeria-under-tinubu-govt-fails-meet-opec-crude-oil-production-quota-2025","","2026-01-26 17:45:00","Nigeria Under Tinubu Govt Fails To Meet OPEC Crude Oil Production Quota In 2025"
"https://economictimes.indiatimes.com/markets/stocks/news/yen-surges-as-intervention-risks-lurk-gold-surpasses-5000/oz/articleshow/127520647.cms","https://m.economictimes.com/markets/stocks/news/yen-surges-as-intervention-risks-lurk-gold-surpasses-5000/oz/amp_articleshow/127520647.cms","2026-01-26 03:15:00","Yen surges as intervention risks lurk , gold surpasses $5 , 000 / oz"
"https://www.asahi.com/ajw/articles/16309123","","2026-01-26 09:45:00","Yen surges as intervention risks lurk , gold surpasses $5 , 000 / oz | The Asahi Shimbun : Breaking News , Japan News and Analysis"
"https://www.wyomingnewsnow.tv/news/national/venezuelan-oil-exec-lists-20m-florida-mansion-amid-turmoil/article_65991c6b-bb18-547f-bf91-f35031c96d2a.html","","2026-01-26 17:45:00","Venezuelan oil exec lists $20M Florida mansion amid turmoil"
"https://punchng.com/dollar-sinks-on-yen-intervention-talk-gold-breaks-5000/","https://punchng.com/dollar-sinks-on-yen-intervention-talk-gold-breaks-5000/?amp","2026-01-26 10:15:00","Dollar sinks amid yen intervention talk as gold surges"
"https://www.digitaljournal.com/business/dollar-sinks-on-yen-intervention-talk-gold-breaks-5000/article","","2026-01-26 04:00:00","Dollar sinks on yen intervention talk , gold breaks $5 , 000"
"https://www.channelstv.com/2026/01/26/dollar-sinks-on-yen-intervention-talk-gold-breaks-5000/","https://www.channelstv.com/2026/01/26/dollar-sinks-on-yen-intervention-talk-gold-breaks-5000/amp/","2026-01-26 10:45:00","Dollar Sinks On Yen Intervention Talk , Gold Breaks $5 , 000"
"https://www.spacedaily.com/reports/What_are_Russia_and_China_doing_in_the_Arctic_999.html","","2026-01-26 07:00:00","What are Russia and China doing in the Arctic ? "
"https://www.rttnews.com/story.aspx?Id=3613179","","2026-01-26 06:45:00","European Shares Seen Lower Amid Heightened Global Uncertainties"
"https://www.rttnews.com/3613179/european-shares-seen-lower-amid-heightened-global-uncertainties.aspx","","2026-01-26 06:45:00","European Shares Seen Lower Amid Heightened Global Uncertainties"
"https://www.globalsecurity.org/military/library/news/2026/01/mil-260126-pdo01.htm","","2026-01-26 14:15:00","Pentagon new defense strategy elevates Western Hemisphere , allie burden - sharing"
"https://www.marketscreener.com/news/south-korea-s-s-oil-says-q1-refining-margins-to-remain-robust-on-steady-demand-ce7e5bdad08df72c","","2026-01-26 01:00:00","South Korea S - Oil says Q1 refining margins to remain robust on steady demand"
"https://www.marinelink.com/news/tanker-carrying-venezuelan-heavy-oil-534822","","2026-01-26 00:15:00","Tanker Carrying Venezuelan Heavy Oil Heads To"
"https://www.livemint.com/opinion/online-views/davos-pitch-reliable-india-solid-bet-global-uncertainty-ai-economic-progress-geopolitical-11769283151228.html","https://www.livemint.com/opinion/online-views/davos-pitch-reliable-india-solid-bet-global-uncertainty-ai-economic-progress-geopolitical/amp-11769283151228.html","2026-01-26 10:30:00","Our pitch at Davos this year : Why reliable India is a solid bet amid global uncertainty"
"https://www.zawya.com/en/projects/oil-and-gas/kuwait-scraps-10bln-oil-tenders-report-czkxgpd2","","2026-01-26 11:00:00","Kuwait scraps $10bln oil tenders : report"
"https://bmmagazine.co.uk/news/gold-breaks-5000-an-ounce-for-first-time-as-investors-flee-to-safety/","","2026-01-26 11:30:00","Gold breaks $5 , 000 an ounce for first time as investors flee to safety"
"https://shipandbunker.com/news/world/679942-trump-spurs-3-oil-rise-as-strike-force-sails-to-middle-east","","2026-01-26 04:30:00","Trump Spurs 3 % Oil Rise As Strike Force Sails To Middle East"
"https://www.marketpulse.com/markets/markets-today-gold-breaches-5100oz-yen-intervention-risks-grow-dollar-slides-usdjpy-test-100-day-ma/","","2026-01-26 12:30:00","Markets Today : Gold Breaches $5100 / oz , Yen Intervention Risks Grow , Dollar Slides . USD / JPY Test 100 - Day MA"
"https://www.morningstar.com/news/dow-jones/20260126755/week-ahead-for-fx-bonds-fed-rate-decision-in-focus","","2026-01-26 17:45:00","Week Ahead for FX , Bonds : Fed Rate Decision in Focus"
"https://www.marketscreener.com/news/week-ahead-for-fx-bonds-fed-rate-decision-in-focus-ce7e5bdbd88af727","","2026-01-26 08:45:00","Week Ahead for FX , Bonds : Fed Rate Decision in Focus"
"https://www.marketscreener.com/news/week-ahead-for-fx-bonds-fed-rate-decision-in-focus-ce7e5bdad08af22c","","2026-01-26 01:00:00","Week Ahead for FX , Bonds : Fed Rate Decision in Focus"
"https://www.kxdlhotrodradio.com/news/gas-prices-16","","2026-01-26 13:30:00","Gas Prices"
"https://www.actionforex.com/contributors/fundamental-analysis/626983-volatility-rises-as-gold-surges-and-yen-intervention-speculation-grows/","","2026-01-26 10:15:00","Volatility Rises as Gold Surges and Yen Intervention Speculation Grows"
"https://foxbaltimore.com/news/local/baltimore-gas-prices-rise-national-trend-of-increasing-fuel-costs-gasbuddy","","2026-01-26 19:45:00","Gas prices in Baltimore climb to $2 . 97 per gallon , GasBuddy reports"
"https://kdhlradio.com/ixp/67/p/gas-price-rise-minnesota/","","2026-01-26 15:15:00","Why Gas Prices Are Rising Again In Minnesota"
"https://1037theloon.com/gas-price-rise-minnesota/","","2026-01-26 19:15:00","Why Gas Prices Are Rising Again In Minnesota"
"https://kfilradio.com/ixp/67/p/gas-price-rise-minnesota/","","2026-01-26 14:30:00","Why Gas Prices Are Rising Again In Minnesota"
"https://mix949.com/gas-price-rise-minnesota/","","2026-01-26 13:15:00","Why Gas Prices Are Rising Again In Minnesota"
"https://www.euronews.com/culture/2026/01/26/neom-no-more-saudi-arabia-reduces-ambitious-plans-for-the-line-and-futuristic-megacity","","2026-01-26 22:00:00","Neom no more ? Saudi Arabia reduces ambitious plans for  The Line  and futuristic megacity"
"https://www.kmaland.com/ag/agri_news/iowa-farmers-unlikely-to-see-diesel-relief-from-venezuelan-oil/article_9490cffa-b39d-5f83-ab65-b597b8392d16.html","","2026-01-26 19:30:00","Iowa farmers unlikely to see diesel relief from Venezuelan oil"
"https://www.swindonadvertiser.co.uk/news/25792919.shocking-canal-river-trust-incidents-sparks-call-powers/","","2026-01-26 08:30:00","Shocking Canal and River trust incidents sparks call for powers"
"https://www.zerohedge.com/markets/futures-rebound-session-low-amid-fx-mayhem-earning-avalanche-govt-shutdown-loom","","2026-01-26 14:15:00","Futures Rebound From Session Low Amid FX Mayhem As Earning Avalanche , Govt Shutdown Loom"
"https://wpde.com/news/local/gasoline-prices-in-south-carolina-surge-14-cents-per-gallon-in-one-week-says-gasbuddy","","2026-01-26 13:00:00","Gasoline prices in South Carolina surge 14 cents per gallon in one week , says GasBuddy"
"https://www.trend.az/business/4145633.html","","2026-01-26 04:00:00","Turkmenbashi oil refinery achieves major production gains in 2025"
"https://www.morningstar.com/markets/what-expect-january-fed-meeting","","2026-01-26 11:45:00","What to Expect from the January Fed Meeting"
"https://www.dailyfreeman.com/2026/01/26/average-gasoline-prices-mixed-across-the-mid-hudson-valley-4/","","2026-01-26 18:45:00","Average gasoline prices mixed across the Mid - Hudson Valley"
"https://www.newsargus.com/news/national/what-is-russias-shadow-fleet-and-how-does-it-work/article_daa764d6-48fa-515a-95b0-f08633eecabe.html","","2026-01-26 03:15:00","What is Russia  shadow fleet  and how does it work ? "
"https://www.hazard-herald.com/news/national/what-is-russias-shadow-fleet-and-how-does-it-work/article_a863c881-e900-522b-974b-b83a31246b7a.html","","2026-01-26 03:15:00","What is Russia  shadow fleet  and how does it work ? "
"https://www.northwestsignal.net/news/article_79208139-2e90-5cc4-a8d5-9b85f8a5f11c.html","","2026-01-26 03:30:00","What is Russia  shadow fleet  and how does it work ? "
"https://www.wtol.com/article/traffic/gas-prices/gas-prices-toledo-ohio-gasbuddy-analysis-economy-money/512-49dfaba4-9d77-450e-b74a-be0bc78fe5f9","","2026-01-26 14:15:00","Gas prices rise in Toledo , GasBuddy says"
"https://www.chattanoogan.com/2026/1/26/513904/Gas-Prices-Rise-12.4-Cents-In-Chattanooga.aspx","","2026-01-26 17:30:00","Gas Prices Rise 12 . 4 Cents In Chattanooga - Chattanoogan . com"
"https://www.fool.com/investing/2026/01/25/feds-expected-2026-rate-cuts-mean-stock-market/?source=iedfolrf0000001","","2026-01-26 02:00:00","What the Fed Expected 2026 Rate Cuts Could Mean for the Stock Market"
"https://www.fool.com/investing/2026/01/25/feds-expected-2026-rate-cuts-mean-stock-market/","","2026-01-26 04:00:00","What the Fed Expected 2026 Rate Cuts Could Mean for the Stock Market"
"https://www.jdsupra.com/legalnews/fcpa-compliance-report-navigating-expor-09881/","","2026-01-26 16:00:00","FCPA Compliance Report : Navigating Export Control and Trade Sanction Challenges in Venezuela : Insights from Brent Carlson | Thomas Fox - Compliance Evangelist"
"https://meobserver.org/business-economix/industry-insights/2026/01/26/175mn-turkish-packaging-plant-deepens-egypts-export-manufacturing-push/","","2026-01-26 15:30:00","$175mn Turkish Packaging Plant Deepens Egypt Export Manufacturing Push"
"https://www.rigzone.com/news/soil_posts_sequential_increase_in_q4_profit-26-jan-2026-182848-article/","","2026-01-26 16:45:00","The Career Center for Oil & Gas Professionals"
"https://www.hellenicshippingnews.com/severe-winter-weather-across-large-portions-of-the-country-natural-gas-prices-increasing/","","2026-01-26 03:15:00","Severe winter weather across large portions of the country , natural gas prices increasing"
"https://finance.yahoo.com/news/feds-expected-2026-rate-cuts-012247506.html","","2026-01-26 02:00:00","What the Fed Expected 2026 Rate Cuts Could Mean for the Stock Market"
"https://www.thestar.com.my/news/world/2026/01/27/crude-futures-settle-lower","","2026-01-26 21:30:00","Crude futures settle lower"
"https://www.wktv.com/news/local/volunteers-needed-for-canal-cleanup-in-april/article_712c8980-a14d-4223-a2ff-7813ef718ab2.html","","2026-01-26 19:15:00","Volunteers Needed for Canal Cleanup in April"
"https://www.stabroeknews.com/2026/01/26/news/regional/us-oil-capital-houston-buzzes-as-industry-limbers-up-for-venezuela-oil-rush/","","2026-01-26 13:15:00","US oil capital Houston buzzes as industry limbers up for Venezuela oil rush"
"https://www.macrobusiness.com.au/2026/01/new-zealands-house-price-crash-is-cause-for-celebration/","","2026-01-26 02:30:00","New Zealand house price crash is cause for celebration"
"https://www.morningstar.com/news/marketwatch/20260125165/us-stock-futures-fall-gold-hits-record-ahead-of-fed-meeting-big-tech-earnings","","2026-01-26 02:30:00","U . S . stock futures fall , gold hits record ahead of Fed meeting , Big Tech earnings"
"https://www.thestar.com.my/news/focus/2026/01/27/race-to-save-cameroons-malaria-programme","","2026-01-26 20:15:00","Race to save Cameroon malaria programme"
"https://www.forexcrunch.com/blog/2026/01/26/eur-usd-price-analysis-dollar-weakness-vs-fed-risk-gdp-hicp-in-focus/","","2026-01-26 08:15:00","EUR / USD Price Analysis : Dollar Weakness vs Fed Risk - GDP , HICP in Focus"
"https://www.investing.com/analysis/go-for-gold-as-deflation-risks-rise-and-the-case-for-6-gdp-accelerates-200673870","https://m.investing.com/analysis/go-for-gold-as-deflation-risks-rise-and-the-case-for-6-gdp-accelerates-200673870?ampMode=1","2026-01-26 22:15:00","Go For Gold as Deflation Risks Rise and the Case for 6 % GDP Accelerates"
"https://www.marketscreener.com/news/russia-s-fuel-oil-exports-to-asia-slow-in-early-2026-as-sanctions-hamper-trade-ce7e5bdbd989f220","","2026-01-26 06:45:00","Russia fuel oil exports to Asia slow in early 2026 as sanctions hamper trade"
"https://www.myjoyonline.com/deloitte-predicts-5-9-growth-rate-for-ghana-in-2026/","","2026-01-26 12:30:00","Deloitte predicts 5 . 9 % growth rate for Ghana in 2026"
"https://www.bankrate.com/banking/federal-reserve/will-the-fed-cut-rates-in-2026/","","2026-01-26 20:15:00","How Many Rate Cuts In 2026 ? Mounting Pressure Puts the Fed at a Crossroads"
"https://www.dailymail.co.uk/news/article-15499983/Why-Britains-crumbling-canals-ticking-timebomb.html","https://www.dailymail.co.uk/news/article-15499983/amp/Why-Britains-crumbling-canals-ticking-timebomb.html","2026-01-26 23:00:00","Revealed : Why Britain crumbling canals are a ticking timebomb"
"https://www.thetimes.com/business/economics/article/gold-rises-above-5000-for-first-time-nbcxtd96n","","2026-01-26 07:45:00","Gold rises above $5 , 000 for first time"
"https://www.yakimaherald.com/news/local/happened/it-happened-here-panic-of-1893-wreaks-havoc-on-yakima-valley-economy/article_9336d3ff-700e-40b4-86f5-5003f0ae7189.html","https://www.yakimaherald.com/news/local/happened/it-happened-here-panic-of-1893-wreaks-havoc-on-yakima-valley-economy/article_9336d3ff-700e-40b4-86f5-5003f0ae7189.amp.html","2026-01-26 04:30:00","It Happened Here : Panic of 1893 wreaks havoc on Yakima Valley economy"
"https://finance.yahoo.com/news/many-rate-cuts-2026-mounting-170432857.html","","2026-01-26 17:45:00","How many rate cuts in 2026 ? These mounting pressures will put the Fed at a crossroads this year"
"https://finance.yahoo.com/news/many-rate-cuts-2026-mounting-170432503.html","","2026-01-26 18:15:00","How many rate cuts in 2026 ? These mounting pressures will put the Fed at a crossroads this year"
"https://windsorstar.com:443/news/economy/bank-of-canada-hold-interest-rate","","2026-01-26 21:15:00","Bank of Canada to hold rates for now , economists expect"
"https://www.newser.com/story/382598/stocks-rise-as-gold-hits-another-record.html","","2026-01-26 22:30:00","Stocks Rise as Gold Hits Another Record"
"https://dailypioneer.com/news/search-continues-for-man-swept-away-during-idol-immersion-in-yamuna-canal","","2026-01-26 23:15:00","Search Operation Continues for Youth Swept Away During Idol Immersion in East Delhi"
"https://maritime-executive.com/editorials/geopolitics-has-moved-from-the-margins-to-the-engine-room-of-shipping","","2026-01-26 23:45:00","Geopolitics Has Moved From the Margins to the Engine Room of Shipping"
"https://www.ashleycountyledger.com/news/national/dollar-sinks-on-yen-intervention-talk-gold-breaks-5-000/article_946cb294-8cb8-592f-be61-4e1e3f3a47b6.html","","2026-01-26 09:15:00","Dollar sinks on yen intervention talk , gold breaks $5 , 000"
"https://www.the-messenger.com/news/national/article_56cc5e5e-1b3e-54ef-b9ad-2a12a4883760.html","","2026-01-26 09:15:00","Dollar sinks on yen intervention talk , gold breaks $5 , 000"
"https://www.kten.com/news/dollar-sinks-on-yen-intervention-talk-gold-breaks-5-000/article_05034aad-11ed-56c6-974b-a110bc7f9cea.html","","2026-01-26 10:30:00","Dollar sinks on yen intervention talk , gold breaks $5 , 000"
"https://www.wataugademocrat.com/news/national/dollar-sinks-on-yen-intervention-talk-gold-breaks-5-000/article_c2d43e93-d53c-557b-a0a3-e73692c32761.html","","2026-01-26 10:30:00","Dollar sinks on yen intervention talk , gold breaks $5 , 000"
"https://carrollspaper.com/news/national/dollar-sinks-on-yen-intervention-talk-gold-breaks-5-000/article_90eee58e-3e08-5644-9ee4-6a5a894dc334.html","","2026-01-26 10:15:00","Dollar sinks on yen intervention talk , gold breaks $5 , 000"
"https://www.mykxlg.com/news/national/dollar-sinks-on-yen-intervention-talk-gold-breaks-5-000/article_dbc00bc6-ccec-5825-a885-60ee9b93875c.html","","2026-01-26 09:15:00","Dollar sinks on yen intervention talk , gold breaks $5 , 000"
"https://www.hometownregister.com/news/national/dollar-sinks-on-yen-intervention-talk-gold-breaks-5-000/article_44631d47-8182-5dd3-ac98-5fe5acebb16e.html","","2026-01-26 04:30:00","Dollar sinks on yen intervention talk , gold breaks $5 , 000"
"https://www.thedigitalcourier.com/news/national/dollar-sinks-on-yen-intervention-talk-gold-breaks-5-000/article_eec8996a-5ef2-5c5f-8c6c-11427792c01a.html","","2026-01-26 12:30:00","Dollar sinks on yen intervention talk , gold breaks $5 , 000"
"https://www.fairfieldsuntimes.com/news/national/dollar-sinks-on-yen-intervention-talk-gold-breaks-5-000/article_3373b3f9-7fdc-5bf5-84b1-5811cd9e4720.html","","2026-01-26 12:30:00","Dollar sinks on yen intervention talk , gold breaks $5 , 000"
"https://www.hazard-herald.com/news/national/dollar-sinks-on-yen-intervention-talk-gold-breaks-5-000/article_14bda227-253b-511e-b2f8-85229bc9545a.html","","2026-01-26 12:30:00","Dollar sinks on yen intervention talk , gold breaks $5 , 000"
"https://www.wyomingnewsnow.tv/news/national/dollar-sinks-on-yen-intervention-talk-gold-breaks-5-000/article_f20b13db-443e-52e6-9919-45ee53cc2721.html","","2026-01-26 03:45:00","Dollar sinks on yen intervention talk , gold breaks $5 , 000"
"https://www.bryantimes.com/news/dollar-sinks-on-yen-intervention-talk-gold-breaks-5-000/article_feb8787c-8926-5ca9-84d0-05b14dffc7ad.html","","2026-01-26 10:00:00","Dollar sinks on yen intervention talk , gold breaks $5 , 000"
"https://www.omakchronicle.com/news/national/dollar-sinks-on-yen-intervention-talk-gold-breaks-5-000/article_16ff3578-a845-5ee7-a791-606774c8b031.html","","2026-01-26 09:45:00","Dollar sinks on yen intervention talk , gold breaks $5 , 000"
"https://myfox28columbus.com/news/local/columbus-ohio-gas-fuel-pump-consumer-money-wallet-price-oil-prices-rise-147-cents-per-gallon-amid-national-increase","","2026-01-26 19:45:00","Columbus gas prices rise 14 . 7 cents per gallon amid national increase"
"https://www.moneycontrol.com/world/fed-to-hold-rates-as-political-storm-intensifies-around-jerome-powell-article-13790810.html","https://www.moneycontrol.com/world/fed-to-hold-rates-as-political-storm-intensifies-around-jerome-powell-article-13790810.html/amp","2026-01-26 16:15:00","Fed to hold rates as political storm intensifies around Jerome Powell"
"https://dominicantoday.com/dr/local/2026/01/26/abinader-inaugurates-la-vigia-canal-to-counter-haitian-works-on-the-massacre-river/","https://dominicantoday.com/amp/news?id=252489 =abinader-inaugurates-la-vigia-canal-to-counter-haitian-works-on-the-massacre-river","2026-01-26 14:30:00","Abinader inaugurates La Vigia Canal to counter Haitian works on the Massacre River"
"https://www.prnewswire.com/news-releases/retail-sales-growth-will-slow-in-the-us-uk-france-and-germany-in-2026-bain--company-forecasts-302670225.html","","2026-01-26 18:00:00","Retail sales growth will slow in the US , united kingdom , France , and Germany in 2026 , Bain & Company forecasts"
"https://financialpost.com/news/economy/bank-of-canada-hold-interest-rate","","2026-01-26 22:00:00","Bank of Canada to hold rates for now , economists expect"
"https://www.theage.com.au/business/markets/trump-s-gold-rush-america-has-the-world-running-scared-20260126-p5nwxm.html","","2026-01-26 02:15:00","Trump has sent the gold price surging"
"https://auto.economictimes.indiatimes.com/news/industry/union-budget-2026-heres-what-ev-sector-is-hoping-for/127528441","","2026-01-26 06:30:00","Union Budget 2026 : Key Expectations for India EV Sector , ETAuto"
"https://www.brisbanetimes.com.au/business/markets/trump-s-gold-rush-america-has-the-world-running-scared-20260126-p5nwxm.html","","2026-01-26 01:45:00","Trump has sent the gold price surging"
"http://www.maritimeprofessional.com/news/tanker-carrying-venezuelan-heavy-heads-414773","","2026-01-26 01:30:00","Tanker Carrying Venezuelan Heavy Oil Heads to Louisiana"
"https://www.counterpunch.org/2026/01/26/how-venezuela-grew-poor-with-more-oil-than-saudi-arabia/","","2026-01-26 09:45:00","How Venezuela Grew Poor With More Oil Than Saudi Arabia"
"https://www.proactiveinvestors.com/companies/news/1086249/week-ahead-big-tech-the-fed-and-plenty-of-cross-currents-set-the-tone-for-wall-street-1086249.html","","2026-01-26 16:15:00","Week ahead : Big Tech , the Fed and plenty of cross - currents set the tone for Wall Street"
"https://finance.yahoo.com/news/fed-meets-week-could-mean-100000374.html","","2026-01-26 19:15:00","The Fed Meets This Week What It Could Mean for Savings and CD Rates"
"https://nbc16.com/news/local/gasoline-prices-in-eugene-rise-amid-national-increase-01-26-2026","","2026-01-26 19:15:00","Gasoline prices in Eugene rise amid national increase"
"https://www.firstpost.com/business/mexico-halt-oil-shipments-cuba-trump-hardens-stance-raising-fears-us-retaliation-13972633.html","https://www.firstpost.com/business/mexico-halt-oil-shipments-cuba-trump-hardens-stance-raising-fears-us-retaliation-13972633.html/amp","2026-01-26 09:30:00","Mexico may halt oil shipments to Cuba as Trump hardens stance , raising fears of US retaliation : Report"
"http://www.bjreview.com/Opinion/Voice/202601/t20260126_800428845.html","","2026-01-26 09:45:00","The Greenland gambit -- Beijing Review"
"https://cbs2iowa.com/news/local/gas-prices-up-nearly-9-cents-per-gallon-in-the-last-week-in-iowa","","2026-01-26 18:00:00","Gas prices up nearly 9 cents per gallon in the last week in Iowa"
"https://sana.sy/en/economic/2292574/","","2026-01-26 15:00:00","Syria regaining oil and gas fields : Hope for energy recovery"
"https://www.scmp.com/economy/china-economy/article/3341277/china-close-opening-us10-billion-canal-linking-heartlands-southeast-asia","https://amp.scmp.com/economy/china-economy/article/3341277/china-close-opening-us10-billion-canal-linking-heartlands-southeast-asia","2026-01-26 16:00:00","China close to opening US$10 billion canal linking heartlands to Southeast Asia"
"https://www.douglas-budget.com/news/national/article_2421bb91-fa7c-5a53-8656-cfc7877d042e.html","","2026-01-26 23:00:00","Gold hits records as US policy rattles investors"
"https://www.tvguide.co.uk/schedule/b8508742-5efa-5823-afaa-85714842ea68/great-canal-journeys","","2026-01-26 14:30:00","Great Canal Journeys"
"https://www.mvariety.com/business/business_news/business-news-yen-surges-as-intervention-risks-lurk-gold-surpasses-5-000-oz-tk2r0uvu/article_3d76dd9a-90d8-4166-800e-f576e902f006.html","","2026-01-26 18:30:00","Yen surges as intervention risks lurk , gold surpasses $5 , 000 / oz - Marianas Variety News & Views"
"https://indianexpress.com/article/cities/delhi/man-feared-drowned-during-idol-immersion-in-yamuna-in-east-delhis-mayur-vihar-10495023/","https://indianexpress.com/article/cities/delhi/man-feared-drowned-during-idol-immersion-in-yamuna-in-east-delhis-mayur-vihar-10495023/lite/","2026-01-26 04:30:00","Man feared drowned during idol immersion in Yamuna in East Delhi Mayur Vihar | Delhi News"
"https://runwaygirlnetwork.com/2026/01/1800-aircraft-deliveries-expected-in-2026-says-iba/","","2026-01-26 02:15:00","Press Release : 1 , 800 aircraft deliveries expected in 2026 , says IBA - Runway Girl"
"https://www.wral.com/news/ap/cfcf7-wall-street-retreats-modestly-ahead-of-earnings-and-federal-reserve-meeting/","","2026-01-26 14:15:00","Wall Street retreats modestly ahead of earnings and Federal Reserve meeting"
"https://markets.financialcontent.com/stocks/article/marketminute-2026-1-26-the-golden-paradox-why-precious-metals-thrive-as-fed-fights-sticky-3-inflation","","2026-01-26 23:00:00","FinancialContent - The Golden Paradox : Why Precious Metals Thrive as Fed Fights Sticky 3 % Inflation"
"https://www.kob.com/ap-top-news/wall-street-retreats-modestly-ahead-of-earnings-and-federal-reserve-meeting/","","2026-01-26 14:15:00","Wall Street retreats modestly ahead of earnings and Federal Reserve meeting"
"https://www.tvguide.co.uk/schedule/9c7f276f-2634-5a27-8f04-972e65504e41/peppa-pig","","2026-01-26 19:45:00","Peppa Pig on Nick Jr .: full details and when it on"
"https://finance.yahoo.com/news/us-oil-capital-houston-buzzes-111221828.html","","2026-01-26 12:00:00","US oil capital Houston buzzes as industry limbers up for Venezuela oil rush"
"https://www.winnipegfreepress.com/business/2026/01/26/asian-shares-mostly-dip-as-the-yen-rises-against-the-u-s-dollar","","2026-01-26 08:00:00","Asian shares mostly dip as the yen rises against the U . S . dollar – Winnipeg Free Press"
"https://www.benzinga.com/trading-ideas/movers/26/01/50133521/whats-going-on-with-erayak-power-solution-stock-monday","","2026-01-26 17:45:00","What Going On With Erayak Power Solution Stock Monday ? - Erayak Power Solution Gr ( NASDAQ : RAYA ) "
"https://www.seattletimes.com/business/myanmar-uses-ghost-ships-to-import-aviation-fuel-for-deadly-air-attacks-amnesty-says/","","2026-01-26 13:45:00","Myanmar uses  ghost ship to import aviation fuel for deadly air attacks , Amnesty says"
"https://markets.financialcontent.com/stocks/article/marketminute-2026-1-26-factory-friction-us-manufacturing-hits-519-pmi-as-tariff-headwinds-chill-export-demand","","2026-01-26 19:45:00","FinancialContent - Factory Friction : US Manufacturing Hits 51 . 9 PMI as Tariff Headwinds Chill Export Demand"
"https://www.aol.com/articles/heroes-quick-thinking-saves-boy-143319020.html","","2026-01-26 19:15:00","Heroe quick - thinking saves boy from sinking taxi after it plunges into icy canal"
"https://www.kob.com/ap-top-news/myanmar-uses-ghost-ships-to-import-aviation-fuel-for-deadly-air-attacks-amnesty-says/","","2026-01-26 18:45:00","Myanmar uses  ghost ship to import aviation fuel for deadly air attacks , Amnesty says"
"https://wcbm.com/local-story/gas-prices-in-baltimore-climb-to-2-97-per-gallon-gasbuddy-reports/","","2026-01-26 22:15:00","Gas prices in Baltimore climb to $2 . 97 per gallon , GasBuddy reports"
"https://www.mercurynews.com/2026/01/26/jill-on-money-car-buying-tips-2026/","https://www.mercurynews.com/2026/01/26/jill-on-money-car-buying-tips-2026/amp/","2026-01-26 17:45:00","Jill On Money : Car buying tips 2026"
"https://www.timeslive.co.za/news/world/2026-01-26-iranian-deliveries-fuel-myanmar-juntas-expanding-air-campaign-against-civilians/","","2026-01-26 18:45:00","Iranian deliveries fuel Myanmar junta expanding air campaign against civilians"
"https://www.fool.com/investing/2026/01/26/10-year-yield-just-hit-this-level-first-time/?source=iedfolrf0000001","","2026-01-26 12:15:00","The 10 - Year Yield Just Hit This Level for the First Time in 4 Months ; Here What It Means for Future Returns"
"https://markets.financialcontent.com/stocks/article/marketminute-2026-1-26-the-28-plateau-sticky-inflation-and-geopolitical-shocks-reshape-the-2026-fed-outlook","","2026-01-26 17:30:00","FinancialContent - The 2 . 8 % Plateau : Sticky Inflation and Geopolitical Shocks Reshape the 2026 Fed Outlook"
"https://www.terradaily.com/reports/In_Greenland_locals_fed_up_with_deals_done_over_their_heads_999.html","","2026-01-26 08:30:00","In Greenland , locals fed up with deals done over their heads"
"https://www.wsls.com/business/2026/01/26/myanmar-uses-ghost-ships-to-import-aviation-fuel-for-deadly-air-attacks-amnesty-says/","","2026-01-26 14:15:00","Myanmar uses  ghost ship to import aviation fuel for deadly air attacks , Amnesty says"
"https://www.taipeitimes.com/News/editorials/archives/2026/01/27/2003851267","","2026-01-26 17:45:00","Navigating sanctions and trade - Taipei Times"
"https://isp.netscape.com/pf/story/0001/20260126/88a789b288bcd7420349056ed0f3c41e","","2026-01-26 13:45:00","Myanmar uses  ghost ship to import aviation fuel for deadly air attacks , Amnesty says"
"https://isp.netscape.com/news/world/story/0001/20260126/e0a6b3c72775348c553ad185af5bfb20","","2026-01-26 13:45:00","Yemen rebels threaten new Red Sea attack as US aircraft carrier heads toward Iran"
"https://oilprice.com/Energy/Crude-Oil/Wood-Mackenzie-Sees-Sharp-Pullback-in-UK-North-Sea-Capex.html","https://oilprice.com/Energy/Crude-Oil/Wood-Mackenzie-Sees-Sharp-Pullback-in-UK-North-Sea-Capex.amp.html","2026-01-26 01:00:00","Wood Mackenzie Sees Sharp Pullback in united kingdom North Sea Capex"
"https://www.marketscreener.com/news/ibex-35-opens-higher-amid-geopolitical-caution-as-investors-await-fed-meeting-ce7e5bdbd88df620","","2026-01-26 09:45:00","IBEX 35 Opens Higher Amid Geopolitical Caution as Investors Await Fed Meeting"
"https://www.smh.com.au/business/the-economy/power-bills-and-interest-rates-households-could-face-a-double-whammy-on-costs-20260126-p5nx03.html","","2026-01-26 05:00:00","Australia cost of living : Households could face double whammy on interest rates and power bills"
"https://www.theage.com.au/business/the-economy/power-bills-and-interest-rates-households-could-face-a-double-whammy-on-costs-20260126-p5nx03.html","","2026-01-26 05:15:00","Australia cost of living : Households could face double whammy on interest rates and power bills"
"https://timesofindia.indiatimes.com/business/international-business/asian-stocks-today-markets-slip-as-yen-surge-drags-japan-equities-tariff-worries-weigh-on-sentiment/articleshow/127535988.cms","https://timesofindia.indiatimes.com/business/international-business/asian-stocks-today-markets-slip-as-yen-surge-drags-japan-equities-tariff-worries-weigh-on-sentiment/amp_articleshow/127535988.cms","2026-01-26 08:15:00","Asian stocks today : Markets slip as yen surge drags Japan equities ; tariff worries weigh on sentiment"
"https://www.watoday.com.au/business/the-economy/power-bills-and-interest-rates-households-could-face-a-double-whammy-on-costs-20260126-p5nx03.html","","2026-01-26 05:00:00","Australia cost of living : Households could face double whammy on interest rates and power bills"
"https://www.cnbcafrica.com/media/7769445336358/sarb-set-for-cautious-hold-after-november-cut","","2026-01-26 18:30:00","SARB set for cautious hold after November cut"
"https://www.brisbanetimes.com.au/business/the-economy/power-bills-and-interest-rates-households-could-face-a-double-whammy-on-costs-20260126-p5nx03.html","","2026-01-26 05:00:00","Australia cost of living : Households could face double whammy on interest rates and power bills"
"https://www.aljazeera.com/news/2026/1/26/russia-ukraine-war-list-of-key-events-day-1432","https://www.aljazeera.com/amp/news/2026/1/26/russia-ukraine-war-list-of-key-events-day-1432","2026-01-26 03:30:00","Russia - Ukraine war : List of key events , day 1 , 432"
"https://ottawasun.com/news/ottawa-weather-overnight-snow-monday","","2026-01-26 17:30:00","Ottawa weather : Snow continuing Monday snarling commute"
"https://www.indiatoday.in/world/story/iran-shadow-fleet-fuelling-myanmar-junta-air-campaign-against-civilians-glbs-2858183-2026-01-27","https://www.indiatoday.in/amp/world/story/iran-shadow-fleet-fuelling-myanmar-junta-air-campaign-against-civilians-glbs-2858183-2026-01-27","2026-01-26 19:45:00","How Iran shadow fleet is fuelling Myanmar junta air campaign against civilians"
"https://www.finanzen.ch/nachrichten/aktien/indian-markets-closed-for-republic-day-1035743762","","2026-01-26 04:15:00","Indian Markets Closed For Republic Day"
"https://dailypioneer.com/news/powell-shovels-as-trump-fed-up","","2026-01-26 18:30:00","Powell shovels as Trump fed up"
"https://abcnews.go.com/International/wireStory/talks-us-ukraine-abu-dhabi-constructive-major-challenges-129558732","https://abcnews.go.com/amp/International/wireStory/talks-us-ukraine-abu-dhabi-constructive-major-challenges-129558732","2026-01-26 14:30:00","Talks with US and Ukraine were constructive but major challenges remain , Kremlin says"
"https://wcti12.com/news/nation-world/federal-reserve-back-to-wait-and-see-with-steady-inflation-and-growth-economy-labor-market-unemployment-interest-rates","","2026-01-26 19:45:00","Federal Reserve back to wait - and - see with steady inflation and growth"
"https://economictimes.indiatimes.com/industry/energy/oil-gas/indias-lng-buyers-stall-deals-as-they-await-record-supply-wave/articleshow/127519756.cms","https://m.economictimes.com/industry/energy/oil-gas/indias-lng-buyers-stall-deals-as-they-await-record-supply-wave/amp_articleshow/127519756.cms","2026-01-26 03:15:00","India LNG buyers stall deals as they await record supply wave"
"https://www.philstar.com/business/stock-commentary/2026/01/26/2503604/autos-eye-recovery-pent-demand-meets-easing-rates","https://www.philstar.com/business/stock-commentary/2026/01/26/2503604/autos-eye-recovery-pent-demand-meets-easing-rates/amp/","2026-01-26 04:15:00","Commentary | Autos eye recovery as pent - up demand meets easing rates"
"https://www.thehindubusinessline.com/markets/commodities/lng-buyers-including-gail-india-ltd-and-bharat-petroleum-corp-stall-deals-as-they-await-record-supply-wave/article70551878.ece","https://www.thehindubusinessline.com/markets/commodities/lng-buyers-including-gail-india-ltd-and-bharat-petroleum-corp-stall-deals-as-they-await-record-supply-wave/article70551878.ece/amp/","2026-01-26 05:30:00","LNG buyers including Gail India Ltd . and Bharat Petroleum Corp stall deals as they await record supply wave"
"https://www.yahoo.com/news/articles/yemen-rebels-threaten-red-sea-085122599.html","","2026-01-26 09:45:00","Yemen rebels threaten new Red Sea attack as US aircraft carrier heads toward Iran"
"https://www.wral.com/news/ap/e0a6b-yemen-rebels-threaten-new-red-sea-attack-as-us-aircraft-carrier-heads-toward-iran/","","2026-01-26 09:15:00","Yemen rebels threaten new Red Sea attack as US aircraft carrier heads toward Iran"
"https://www.ksat.com/news/world/2026/01/26/yemen-rebels-threaten-new-red-sea-attack-as-us-aircraft-carrier-heads-toward-iran/","","2026-01-26 12:00:00","Yemen rebels threaten new Red Sea attack as US aircraft carrier heads toward Iran"
"https://www.clickondetroit.com/news/world/2026/01/26/yemen-rebels-threaten-new-red-sea-attack-as-us-aircraft-carrier-heads-toward-iran/","","2026-01-26 12:00:00","Yemen rebels threaten new Red Sea attack as US aircraft carrier heads toward Iran"
"https://www.rigzone.com/news/wire/india_lng_buyers_stall_deals_expecting_record_supply_wave-26-jan-2026-182845-article/","","2026-01-26 08:45:00","India LNG Buyers Stall Deals Expecting Record Supply Wave"
"https://www.reviewjournal.com/news/nation-and-world/yen-rises-against-the-u-s-dollar-gold-reaches-5100-an-ounce-3611951/","","2026-01-26 05:30:00","Gold reaches $5 , 100 an ounce ; Yen rises against the U . S . dollar | Nation and World"
"https://www.gilmermirror.com/2026/01/26/texas-weekly-gas-price-update-206/","","2026-01-26 14:45:00","Texas Weekly Gas Price Update"
"https://www.news4jax.com/news/world/2026/01/26/yemen-rebels-threaten-new-red-sea-attack-as-us-aircraft-carrier-heads-toward-iran/","","2026-01-26 11:15:00","Yemen rebels threaten new Red Sea attack as US aircraft carrier heads toward Iran"
"https://www.zawya.com/en/press-release/africa-press-releases/from-re-entry-to-expansion-libya-sets-growth-agenda-at-libya-energy-economic-summit-lees-2026-wzjoq2rw","","2026-01-26 09:45:00","From Re - Entry to Expansion : Libya Sets Growth Agenda at Libya Energy & Economic Summit ( LEES ) 2026"
"https://www.wsls.com/news/world/2026/01/26/talks-with-us-and-ukraine-in-abu-dhabi-were-constructive-but-major-challenges-remain-kremlin-says/","","2026-01-26 14:15:00","Talks with US and Ukraine in Abu Dhabi were constructive but major challenges remain , Kremlin says"
"https://www.rttnews.com/story.aspx?Id=3613267","","2026-01-26 12:15:00","Gold Scales New Peak On US Government Shutdown Worries"
"https://finance.yahoo.com/news/10-yield-just-hit-level-072000152.html","","2026-01-26 08:00:00","The 10 - Year Yield Just Hit This Level for the First Time in 4 Months ; Here What It Means for Future Returns"
"https://isp.netscape.com/news/world/story/0001/20260125/a2ef56fea4ada6f0335d7124ab56c3db","","2026-01-26 04:15:00","France detains captain of suspected Russian  shadow fleet  tanker seized in Mediterranean"
"https://www.wsls.com/news/world/2026/01/26/yemen-rebels-threaten-new-red-sea-attack-as-us-aircraft-carrier-heads-toward-iran/","","2026-01-26 09:45:00","Yemen rebels threaten new Red Sea attack as US aircraft carrier heads toward Iran"
"https://www.mykxlg.com/news/national/gold-hits-records-as-us-policy-rattles-investors/article_dbc00bc6-ccec-5825-a885-60ee9b93875c.html","","2026-01-26 23:15:00","Gold hits records as US policy rattles investors"
"https://www.elpasoinc.com/news/national/gold-hits-records-as-us-policy-rattles-investors/article_7e3cf2e5-6ce0-507f-9d3d-491b3ab5a1c8.html","","2026-01-26 23:15:00","Gold hits records as US policy rattles investors"
"https://www.thecable.ng/january-27-2002-remembering-the-ikeja-bomb-blasts-tragedy-that-killed-over-1000-lagosians/","","2026-01-26 07:00:00","January 27 , 2002 -- Remembering the Ikeja bomb blasts tragedy that killed over 1000 Lagosians"
"https://www.abc.net.au/news/2026-01-27/major-challenges-ukraine-russia-kremlin/106272110","","2026-01-26 18:30:00","Russia , Ukraine and US plan further trilateral talks on ending war"
"https://www.zerohedge.com/markets/us-stocks-mostly-gained-markets-shrugged-trade-uncertainty-ahead-earnings-and-fed-newsquawk","","2026-01-26 23:15:00","US stocks mostly gained as markets shrugged off trade uncertainty ahead of earnings and the Fed - Newsquawk Asia - Pac Market Open"
"https://finance.yahoo.com/news/asian-shares-mostly-dip-yen-042117423.html","","2026-01-26 05:15:00","Asian shares mostly dip as the yen rises against the U . S . dollar"
"https://finance.yahoo.com/news/asian-shares-mostly-dip-yen-042117598.html","","2026-01-26 05:00:00","Asian shares mostly dip as the yen rises against the U . S . dollar"
"https://www.wral.com/news/ap/cfcf7-asian-shares-mostly-dip-as-the-yen-rises-against-the-u-s-dollar/","","2026-01-26 09:15:00","Asian shares mostly dip as the yen rises against the U . S . dollar"
"https://www.seattletimes.com/business/asian-shares-mostly-dip-as-the-yen-rises-against-the-u-s-dollar/","","2026-01-26 06:15:00","Asian shares mostly dip as the yen rises against the U . S . dollar"
"https://www.actionforex.com/contributors/fundamental-analysis/626998-risk-of-intervention-in-jpy-increases/","","2026-01-26 10:15:00","Risk of Intervention in JPY Increases"
"https://allafrica.com/stories/202601260022.html","","2026-01-26 05:30:00","Nigeria : Amidst Sluggish Economic Activity , Banks Deposit N33 . 05trn With CBN in 16 - Days"
"https://www.thisdaylive.com/2026/01/26/amidst-sluggish-economic-activity-banks-deposit-n33-05trn-with-cbn-in-16-days/","","2026-01-26 04:30:00","Amidst Sluggish Economic Activity , Banks Deposit N33 . 05trn With CBN in 16 - Days – THISDAYLIVE"
"https://mynorthwest.com/world/asian-shares-mostly-dip-as-the-yen-rises-against-the-u-s-dollar/4193422","","2026-01-26 08:15:00","Asian shares mostly dip as the yen rises against the U . S . dollar"
"https://www.news4jax.com/business/2026/01/26/asian-shares-mostly-dip-as-the-yen-rises-against-the-us-dollar/","","2026-01-26 06:30:00","Asian shares mostly dip as the yen rises against the U . S . dollar"
"http://www.strategypage.com/%5Chtmw%5Chtproc%5Carticles%5C2026012341847.aspx","","2026-01-26 05:30:00","Procurement : Russia Struggles With Oil And Gas Sanctions"
"https://www.clickorlando.com/business/2026/01/26/asian-shares-mostly-dip-as-the-yen-rises-against-the-us-dollar/","","2026-01-26 05:00:00","Asian shares mostly dip as the yen rises against the U . S . dollar"
"https://www.fingerlakes1.com/2026/01/26/waterloo-locks-in-first-wave-of-10m-downtown-makeover/","","2026-01-26 14:15:00","Waterloo locks in first wave of $10M downtown makeover"
"https://www.aol.co.uk/articles/pound-climbs-miners-help-ftse-171859475.html","","2026-01-26 17:45:00","Pound climbs as miners help FTSE 100 nudge higher"
"https://www.fingerlakes1.com/2026/01/26/2-million-federal-boost-pushes-lyons-canal-street-overhaul-forward/","","2026-01-26 19:15:00","$2 million federal boost pushes Lyons Canal Street overhaul forward"
"https://www.insidermonkey.com/blog/why-these-energy-stocks-are-gaining-this-week-40-1681168/","https://www.insidermonkey.com/blog/why-these-energy-stocks-are-gaining-this-week-40-1681168/?amp=1","2026-01-26 11:30:00","Why These Energy Stocks are Gaining This Week"
"https://www.marketscreener.com/news/flashpoints-multiply-across-global-markets-ce7e5bdbd98cf322","","2026-01-26 07:30:00","Flashpoints multiply across global markets"
"https://www.journal-news.com/news/nation-world/asian-shares-mostly-dip-as-the-yen-rises-against-the-us-dollar/P3XB7BJNAJORHF7JYSLLVEEZIA/","https://www.daytondailynews.com/news/nation-world/asian-shares-mostly-dip-as-the-yen-rises-against-the-us-dollar/P3XB7BJNAJORHF7JYSLLVEEZIA/?outputType=amp","2026-01-26 08:00:00","Asian shares mostly dip as the yen rises against the U . S . dollar"
"https://www.kinston.com/news/local/gasoline-prices-to-fall-below-3-in-2026/article_da9ff1fe-f5c0-588a-9a16-422a7acb86f6.html","","2026-01-26 22:15:00","Gasoline prices to fall below $3 in 2026"
"https://www.wsls.com/business/2026/01/26/asian-shares-mostly-dip-as-the-yen-rises-against-the-us-dollar/","","2026-01-26 05:30:00","Asian shares mostly dip as the yen rises against the U . S . dollar"
"https://www.aol.com/articles/fed-expected-keep-interest-rates-120006012.html","","2026-01-26 13:45:00","Fed expected to keep interest rates on hold this week"
"https://breakingdefense.com/2026/01/buzz-kill-to-make-cocaine-less-potent-colombia-looking-to-modify-gasoline-supply/","","2026-01-26 17:15:00","Buzz kill : To make cocaine less potent , Colombia looking to modify gasoline supply"
"https://www.ynetnews.com/article/h1vfbhn811l","","2026-01-26 11:00:00","Houthis threaten new Red Sea attack as US aircraft carrier heads toward Iran"
"https://www.therecord.com/news/world/europe/talks-with-us-and-ukraine-in-abu-dhabi-were-constructive-but-major-challenges-remain-kremlin/article_6f0e8f2a-e088-54b3-8c43-5a07418cb6d9.html","","2026-01-26 14:15:00","Talks with US and Ukraine in Abu Dhabi were constructive but major challenges remain , Kremlin says"
"https://www.housingwire.com/articles/early-2026-housing-market-momentum/","","2026-01-26 23:15:00","Early 2026 housing market gains traction as buyer demand returns"
