run_dir,bar_png,beeswarm_png,global_csv,local_csv
artifacts/results/tree_model_walkforward_best_shap/catboost_jump,docs/assets/final_results/shap/shap_summary_bar__catboost__jump__imputed_locf5_decay__market_plus_all6_channels.png,docs/assets/final_results/shap/shap_summary_beeswarm__catboost__jump__imputed_locf5_decay__market_plus_all6_channels.png,docs/assets/final_results/shap/shap_global_importance__catboost__jump__imputed_locf5_decay__market_plus_all6_channels.csv,docs/assets/final_results/shap/shap_local__catboost__jump__imputed_locf5_decay__market_plus_all6_channels.csv
artifacts/results/tree_model_walkforward_best_shap/catboost_return,docs/assets/final_results/shap/shap_summary_bar__catboost__return__raw__market_plus_all6_channels.png,docs/assets/final_results/shap/shap_summary_beeswarm__catboost__return__raw__market_plus_all6_channels.png,docs/assets/final_results/shap/shap_global_importance__catboost__return__raw__market_plus_all6_channels.csv,docs/assets/final_results/shap/shap_local__catboost__return__raw__market_plus_all6_channels.csv
artifacts/results/tree_model_walkforward_best_shap/catboost_volatility,docs/assets/final_results/shap/shap_summary_bar__catboost__volatility__raw_decay__single__opec_producer_policy.png,docs/assets/final_results/shap/shap_summary_beeswarm__catboost__volatility__raw_decay__single__opec_producer_policy.png,docs/assets/final_results/shap/shap_global_importance__catboost__volatility__raw_decay__single__opec_producer_policy.csv,docs/assets/final_results/shap/shap_local__catboost__volatility__raw_decay__single__opec_producer_policy.csv
artifacts/results/tree_model_walkforward_best_shap/lightgbm_jump,docs/assets/final_results/shap/shap_summary_bar__lightgbm__jump__imputed_locf5_decay__single__opec_producer_policy.png,docs/assets/final_results/shap/shap_summary_beeswarm__lightgbm__jump__imputed_locf5_decay__single__opec_producer_policy.png,docs/assets/final_results/shap/shap_global_importance__lightgbm__jump__imputed_locf5_decay__single__opec_producer_policy.csv,docs/assets/final_results/shap/shap_local__lightgbm__jump__imputed_locf5_decay__single__opec_producer_policy.csv
artifacts/results/tree_model_walkforward_best_shap/lightgbm_return,docs/assets/final_results/shap/shap_summary_bar__lightgbm__return__imputed_locf5_decay__single__demand_and_macro_economy.png,docs/assets/final_results/shap/shap_summary_beeswarm__lightgbm__return__imputed_locf5_decay__single__demand_and_macro_economy.png,docs/assets/final_results/shap/shap_global_importance__lightgbm__return__imputed_locf5_decay__single__demand_and_macro_economy.csv,docs/assets/final_results/shap/shap_local__lightgbm__return__imputed_locf5_decay__single__demand_and_macro_economy.csv
artifacts/results/tree_model_walkforward_best_shap/lightgbm_volatility,docs/assets/final_results/shap/shap_summary_bar__lightgbm__volatility__raw__market_only.png,docs/assets/final_results/shap/shap_summary_beeswarm__lightgbm__volatility__raw__market_only.png,docs/assets/final_results/shap/shap_global_importance__lightgbm__volatility__raw__market_only.csv,docs/assets/final_results/shap/shap_local__lightgbm__volatility__raw__market_only.csv
artifacts/results/tree_model_walkforward_best_shap/xgboost_jump,docs/assets/final_results/shap/shap_summary_bar__xgboost__jump__imputed_locf5_decay__single__opec_producer_policy.png,docs/assets/final_results/shap/shap_summary_beeswarm__xgboost__jump__imputed_locf5_decay__single__opec_producer_policy.png,docs/assets/final_results/shap/shap_global_importance__xgboost__jump__imputed_locf5_decay__single__opec_producer_policy.csv,docs/assets/final_results/shap/shap_local__xgboost__jump__imputed_locf5_decay__single__opec_producer_policy.csv
artifacts/results/tree_model_walkforward_best_shap/xgboost_return,docs/assets/final_results/shap/shap_summary_bar__xgboost__return__imputed_locf5_decay__single__demand_and_macro_economy.png,docs/assets/final_results/shap/shap_summary_beeswarm__xgboost__return__imputed_locf5_decay__single__demand_and_macro_economy.png,docs/assets/final_results/shap/shap_global_importance__xgboost__return__imputed_locf5_decay__single__demand_and_macro_economy.csv,docs/assets/final_results/shap/shap_local__xgboost__return__imputed_locf5_decay__single__demand_and_macro_economy.csv
artifacts/results/tree_model_walkforward_best_shap/xgboost_volatility,docs/assets/final_results/shap/shap_summary_bar__xgboost__volatility__raw_decay__single__opec_producer_policy.png,docs/assets/final_results/shap/shap_summary_beeswarm__xgboost__volatility__raw_decay__single__opec_producer_policy.png,docs/assets/final_results/shap/shap_global_importance__xgboost__volatility__raw_decay__single__opec_producer_policy.csv,docs/assets/final_results/shap/shap_local__xgboost__volatility__raw_decay__single__opec_producer_policy.csv
