date,mean_polarity
01-01-2017,0.339192
02-01-2017,0.195802
03-01-2017,0.499688
04-01-2017,0.38249
05-01-2017,0.240586
06-01-2017,0.269365
07-01-2017,0.257459
08-01-2017,0.343688
09-01-2017,-0.307671
10-01-2017,-0.116888
11-01-2017,0.170584
12-01-2017,0.307235
13-01-2017,0.060403
14-01-2017,0.020936
15-01-2017,0.196939
16-01-2017,0.009167
17-01-2017,0.116806
18-01-2017,-0.142196
19-01-2017,0.093735
20-01-2017,0.284305
21-01-2017,0.232968
22-01-2017,0.346579
23-01-2017,-0.182326
24-01-2017,0.215828
25-01-2017,-0.098289
26-01-2017,0.133701
27-01-2017,-0.132675
28-01-2017,0.059304
29-01-2017,0.121012
30-01-2017,-0.300648
31-01-2017,-0.251364
01-02-2017,0.007126
02-02-2017,0.032385
03-02-2017,0.33324
04-02-2017,0.209455
05-02-2017,0.107098
06-02-2017,0.09593
07-02-2017,-0.081919
08-02-2017,-0.386187
09-02-2017,-0.055774
10-02-2017,0.456942
11-02-2017,0.315187
12-02-2017,0.182441
13-02-2017,-0.167732
14-02-2017,0.042112
15-02-2017,-0.330468
16-02-2017,-0.091605
17-02-2017,-0.058015
18-02-2017,0.015525
19-02-2017,-0.002424
20-02-2017,0.117422
21-02-2017,0.497608
22-02-2017,-0.027187
23-02-2017,0.126418
24-02-2017,-0.113775
25-02-2017,0.095058
26-02-2017,0.129838
27-02-2017,0.177069
28-02-2017,-0.058995
01-03-2017,-0.10388
02-03-2017,-0.141558
03-03-2017,0.260617
04-03-2017,0.099238
05-03-2017,0.22574
06-03-2017,-0.276174
07-03-2017,-0.132247
08-03-2017,-0.492167
09-03-2017,-0.327696
10-03-2017,-0.377373
11-03-2017,-0.263284
12-03-2017,0.018602
13-03-2017,-0.367211
14-03-2017,-0.334562
15-03-2017,0.073904
16-03-2017,-0.089995
17-03-2017,0.010259
18-03-2017,0.042708
19-03-2017,0.054731
20-03-2017,-0.565405
21-03-2017,-0.04852
22-03-2017,-0.505593
23-03-2017,-0.1039
24-03-2017,-0.019184
25-03-2017,0.038197
26-03-2017,-0.105429
27-03-2017,-0.386007
28-03-2017,0.093328
29-03-2017,0.366794
30-03-2017,0.25227
31-03-2017,0.030236
01-04-2017,0.054597
02-04-2017,0.02232
03-04-2017,-0.148952
04-04-2017,0.127983
05-04-2017,0.087005
06-04-2017,0.020387
07-04-2017,0.346727
08-04-2017,0.316442
09-04-2017,0.294014
10-04-2017,0.490656
11-04-2017,0.272706
12-04-2017,0.436679
13-04-2017,-0.130269
14-04-2017,-0.106571
15-04-2017,0.164728
16-04-2017,0.198556
17-04-2017,-0.327751
18-04-2017,-0.104699
19-04-2017,-0.33886
20-04-2017,0.053172
21-04-2017,-0.391469
22-04-2017,-0.045417
23-04-2017,0.129357
24-04-2017,0.302773
25-04-2017,0.007048
26-04-2017,-0.202662
27-04-2017,-0.244006
28-04-2017,0.160766
29-04-2017,0.104578
30-04-2017,0.017058
01-05-2017,-0.441168
02-05-2017,-0.304922
03-05-2017,-0.057022
04-05-2017,-0.448089
05-05-2017,-0.441659
06-05-2017,0.12582
07-05-2017,0.166403
08-05-2017,0.107562
09-05-2017,-0.087751
10-05-2017,-0.178025
11-05-2017,0.252569
12-05-2017,0.193444
13-05-2017,0.057513
14-05-2017,0.202598
15-05-2017,0.500857
16-05-2017,0.237736
17-05-2017,-0.126308
18-05-2017,-0.043147
19-05-2017,0.434763
20-05-2017,0.223464
21-05-2017,0.126732
22-05-2017,0.458728
23-05-2017,-0.060035
24-05-2017,-0.069692
25-05-2017,-0.16706
26-05-2017,-0.298431
27-05-2017,0.122266
28-05-2017,-0.007125
29-05-2017,-0.291071
30-05-2017,-0.158198
31-05-2017,-0.554653
01-06-2017,0.088505
02-06-2017,-0.44111
03-06-2017,0.009504
04-06-2017,0.230099
05-06-2017,0.06432
06-06-2017,-0.314962
07-06-2017,-0.4008
08-06-2017,-0.353867
09-06-2017,-0.397659
10-06-2017,0.156451
11-06-2017,0.017687
12-06-2017,0.065252
13-06-2017,0.089196
14-06-2017,-0.322919
15-06-2017,-0.306558
16-06-2017,-0.095515
17-06-2017,0.068702
18-06-2017,0.063095
19-06-2017,-0.487641
20-06-2017,-0.403983
21-06-2017,-0.374523
22-06-2017,-0.063273
23-06-2017,0.173843
24-06-2017,-0.013052
25-06-2017,-0.02025
26-06-2017,0.276447
27-06-2017,0.160974
28-06-2017,-0.262672
29-06-2017,0.147593
30-06-2017,0.179473
01-07-2017,0.14898
02-07-2017,0.058292
03-07-2017,0.251244
04-07-2017,-0.218072
05-07-2017,-0.326105
06-07-2017,0.203255
07-07-2017,-0.313207
08-07-2017,0.133775
09-07-2017,0.069983
10-07-2017,0.057008
11-07-2017,0.094463
12-07-2017,0.118422
13-07-2017,0.161286
14-07-2017,0.169109
15-07-2017,0.148555
16-07-2017,0.125686
17-07-2017,0.293611
18-07-2017,0.18873
19-07-2017,0.010032
20-07-2017,0.054478
21-07-2017,-0.194295
22-07-2017,0.191804
23-07-2017,0.094716
24-07-2017,-0.003532
25-07-2017,0.245934
26-07-2017,0.332719
27-07-2017,0.159274
28-07-2017,0.243617
29-07-2017,0.152502
30-07-2017,0.154879
31-07-2017,0.418238
01-08-2017,0.15669
02-08-2017,-0.154267
03-08-2017,-0.144946
04-08-2017,-0.03916
05-08-2017,0.2043
06-08-2017,0.184163
07-08-2017,-0.154571
08-08-2017,-0.171375
09-08-2017,-0.104029
10-08-2017,0.083743
11-08-2017,-0.193392
12-08-2017,0.160617
13-08-2017,0.04927
14-08-2017,-0.283319
15-08-2017,-0.07153
16-08-2017,0.029954
17-08-2017,0.094117
18-08-2017,-0.038785
19-08-2017,0.102796
20-08-2017,0.082344
21-08-2017,-0.219838
22-08-2017,0.112173
23-08-2017,-0.122001
24-08-2017,-0.131022
25-08-2017,0.377333
26-08-2017,0.306556
27-08-2017,0.234175
28-08-2017,0.295443
29-08-2017,0.253277
30-08-2017,-0.052262
31-08-2017,-0.106312
01-09-2017,-0.172916
02-09-2017,0.100716
03-09-2017,0
04-09-2017,0
05-09-2017,0
06-09-2017,0
07-09-2017,0
08-09-2017,0
09-09-2017,0.092928
10-09-2017,0.036657
11-09-2017,0.207364
12-09-2017,0.042945
13-09-2017,0.229544
14-09-2017,0.461435
15-09-2017,0.085732
16-09-2017,0.166921
17-09-2017,0
18-09-2017,0.132727
19-09-2017,0.171922
20-09-2017,0.474056
21-09-2017,0.036428
22-09-2017,0.027994
23-09-2017,0.190572
24-09-2017,0.107972
25-09-2017,0.444461
26-09-2017,0.158761
27-09-2017,0.124459
28-09-2017,0.05284
29-09-2017,0.08758
30-09-2017,0.121084
01-10-2017,0.185022
02-10-2017,-0.338025
03-10-2017,-0.165408
04-10-2017,-0.205271
05-10-2017,0.111962
06-10-2017,-0.136665
07-10-2017,0.092099
08-10-2017,0.267752
09-10-2017,0.187635
10-10-2017,0.141603
11-10-2017,0.469916
12-10-2017,-0.200949
13-10-2017,0.086006
14-10-2017,0.234025
15-10-2017,0.230861
16-10-2017,0.528219
17-10-2017,0.251014
18-10-2017,0.110017
19-10-2017,-0.183119
20-10-2017,0.016713
21-10-2017,0.220364
22-10-2017,0.112518
23-10-2017,0.243001
24-10-2017,0.126467
25-10-2017,0.125982
26-10-2017,0
27-10-2017,0.238173
28-10-2017,0.491212
29-10-2017,0.262642
30-10-2017,0.378368
31-10-2017,0.264833
01-11-2017,0.238492
02-11-2017,0.255708
03-11-2017,0.43482
04-11-2017,0.314213
05-11-2017,0.2661
06-11-2017,0.500779
07-11-2017,0.322666
08-11-2017,-0.065925
09-11-2017,0.141311
10-11-2017,0.119576
11-11-2017,0.063745
12-11-2017,0.234182
13-11-2017,0.115505
14-11-2017,-0.016059
15-11-2017,-0.38547
16-11-2017,-0.132126
17-11-2017,0.25318
18-11-2017,0.183561
19-11-2017,0.200052
20-11-2017,-0.032966
21-11-2017,0.156985
22-11-2017,0.217828
23-11-2017,-0.071974
24-11-2017,0.41128
25-11-2017,0.287242
26-11-2017,0.181206
27-11-2017,-0.130201
28-11-2017,-0.284375
29-11-2017,-0.288373
30-11-2017,0.246958
01-12-2017,0
02-12-2017,0.43309
03-12-2017,0.362948
04-12-2017,-0.101665
05-12-2017,0.015745
06-12-2017,-0.224425
07-12-2017,0.177501
08-12-2017,0.340702
09-12-2017,0.347764
10-12-2017,0.197734
11-12-2017,0
12-12-2017,0.629663
13-12-2017,-0.099271
14-12-2017,-0.128473
15-12-2017,0.200157
16-12-2017,0.067469
17-12-2017,0.104621
18-12-2017,0.172
19-12-2017,0.350077
20-12-2017,0.283686
21-12-2017,0.034835
22-12-2017,-0.072499
23-12-2017,0.062293
24-12-2017,0.006033
25-12-2017,0.232929
26-12-2017,0.450955
27-12-2017,0.079647
28-12-2017,0.235621
29-12-2017,0.376983
30-12-2017,0.252629
31-12-2017,0.332164
01-01-2018,0.314383
02-01-2018,0.431354
03-01-2018,0.365225
04-01-2018,0.523688
05-01-2018,-0.086066
06-01-2018,0.112593
07-01-2018,0.459771
08-01-2018,0.120004
09-01-2018,0.473593
10-01-2018,0.457974
11-01-2018,0.229642
12-01-2018,0.098849
13-01-2018,0.022982
14-01-2018,0.305598
15-01-2018,0.158661
16-01-2018,0.118016
17-01-2018,-0.051921
18-01-2018,0.083444
19-01-2018,-0.354558
20-01-2018,0.035593
21-01-2018,-0.034963
22-01-2018,0.294367
23-01-2018,0.263117
24-01-2018,0.11552
25-01-2018,0.249519
26-01-2018,0.157129
27-01-2018,0.365568
28-01-2018,0.203349
29-01-2018,0.154997
30-01-2018,-0.041669
31-01-2018,-0.272972
01-02-2018,0.358893
02-02-2018,-0.016127
03-02-2018,0.072018
04-02-2018,0.056254
05-02-2018,-0.419531
06-02-2018,-0.536483
07-02-2018,-0.061331
08-02-2018,-0.379732
09-02-2018,-0.263764
10-02-2018,0.03812
11-02-2018,0.015294
12-02-2018,0.061869
13-02-2018,-0.052336
14-02-2018,-0.107021
15-02-2018,0.149402
16-02-2018,0.341625
17-02-2018,-0.415178
18-02-2018,0.192994
19-02-2018,0.285552
20-02-2018,-0.076946
21-02-2018,-0.058402
22-02-2018,-0.128583
23-02-2018,0.230417
24-02-2018,0.188853
25-02-2018,0.166952
26-02-2018,0.113852
27-02-2018,-0.003095
28-02-2018,-0.400469
01-03-2018,-0.215242
02-03-2018,-0.281603
03-03-2018,0.160758
04-03-2018,0.211654
05-03-2018,0.11523
06-03-2018,0.254375
07-03-2018,-0.105478
08-03-2018,-0.091039
09-03-2018,0.190003
10-03-2018,0.290278
11-03-2018,0.048739
12-03-2018,-0.291357
13-03-2018,-0.376326
14-03-2018,-0.192545
15-03-2018,0.013779
16-03-2018,0.09781
17-03-2018,0.204657
18-03-2018,0.318943
19-03-2018,-0.256503
20-03-2018,0.170069
21-03-2018,0.375046
22-03-2018,-0.234879
23-03-2018,0.344441
24-03-2018,0.202061
25-03-2018,0.267396
26-03-2018,0.080833
27-03-2018,0.223116
28-03-2018,-0.382377
29-03-2018,0.159675
30-03-2018,0.372702
31-03-2018,0.332389
01-04-2018,0.093297
02-04-2018,-0.126935
03-04-2018,-0.012523
04-04-2018,-0.004591
05-04-2018,0.011741
06-04-2018,-0.180544
07-04-2018,0.094399
08-04-2018,0.223904
09-04-2018,0.13422
10-04-2018,0.556566
11-04-2018,0.451564
12-04-2018,0.254007
13-04-2018,0.328192
14-04-2018,0.378587
15-04-2018,0.315045
16-04-2018,0.070015
17-04-2018,0.232052
18-04-2018,0.289416
19-04-2018,0.376005
20-04-2018,0.064077
21-04-2018,0.152633
22-04-2018,0.35154
23-04-2018,0.075248
24-04-2018,0.288313
25-04-2018,0.124368
26-04-2018,0.444619
27-04-2018,0.093069
28-04-2018,0.206917
29-04-2018,0.11503
30-04-2018,0.030571
01-05-2018,0.115097
02-05-2018,-0.002598
03-05-2018,-0.03819
04-05-2018,0.408832
05-05-2018,0.283467
06-05-2018,0.273994
07-05-2018,0.769571
08-05-2018,0.771559
09-05-2018,0.418851
10-05-2018,0.371672
11-05-2018,0.223308
12-05-2018,0.168761
13-05-2018,0.096375
14-05-2018,0.121192
15-05-2018,0.343909
16-05-2018,-0.033207
17-05-2018,0.442355
18-05-2018,0.321381
19-05-2018,0.056311
20-05-2018,0.323682
21-05-2018,0.437427
22-05-2018,0.36846
23-05-2018,-0.085125
24-05-2018,-0.361
25-05-2018,-0.405145
26-05-2018,-0.132895
27-05-2018,0.047158
28-05-2018,-0.626572
29-05-2018,-0.31902
30-05-2018,-0.046845
31-05-2018,-0.077224
01-06-2018,-0.173915
02-06-2018,-0.01353
03-06-2018,0.081718
04-06-2018,-0.244232
05-06-2018,-0.327547
06-06-2018,-0.040471
07-06-2018,0.19778
08-06-2018,-0.2048
09-06-2018,-0.034244
10-06-2018,0.112406
11-06-2018,-0.470625
12-06-2018,-0.036934
13-06-2018,-0.352916
14-06-2018,-0.025254
15-06-2018,-0.329777
16-06-2018,-0.116012
17-06-2018,-0.084217
18-06-2018,-0.290192
19-06-2018,-0.357925
20-06-2018,0.105034
21-06-2018,-0.50395
22-06-2018,0.019419
23-06-2018,-0.260596
24-06-2018,-0.214655
25-06-2018,-0.288821
26-06-2018,0.039412
27-06-2018,0
28-06-2018,-0.035659
29-06-2018,-0.02106
30-06-2018,0
01-07-2018,-0.500718
02-07-2018,-0.291926
03-07-2018,0.091631
04-07-2018,0.018699
05-07-2018,-0.23602
06-07-2018,-0.191182
07-07-2018,-0.000947
08-07-2018,0.183284
09-07-2018,0.362048
10-07-2018,0.375674
11-07-2018,-0.341543
12-07-2018,-0.027257
13-07-2018,-0.2239
14-07-2018,0.209156
15-07-2018,0.048014
16-07-2018,-0.47345
17-07-2018,-0.260876
18-07-2018,-0.13074
19-07-2018,-0.101912
20-07-2018,-0.250397
21-07-2018,-0.005973
22-07-2018,0.048577
23-07-2018,0.041462
24-07-2018,0.088826
25-07-2018,0.121123
26-07-2018,0.493583
27-07-2018,-0.027055
28-07-2018,0.220584
29-07-2018,0.256747
30-07-2018,0.168413
31-07-2018,-0.140898
01-08-2018,-0.52364
02-08-2018,-0.124619
03-08-2018,-0.18563
04-08-2018,-0.274653
05-08-2018,0.060098
06-08-2018,0.140439
07-08-2018,0.522162
08-08-2018,0.159156
09-08-2018,-0.00224
10-08-2018,-0.282565
11-08-2018,0.203658
12-08-2018,0.091244
13-08-2018,-0.254792
14-08-2018,0.037477
15-08-2018,-0.286142
16-08-2018,0.059563
17-08-2018,-0.066271
18-08-2018,0.116077
19-08-2018,0.097352
20-08-2018,-0.196118
21-08-2018,0.119678
22-08-2018,0.050479
23-08-2018,-0.011409
24-08-2018,0.371532
25-08-2018,0.38496
26-08-2018,0.08077
27-08-2018,0.129633
28-08-2018,0.233676
29-08-2018,0.031659
30-08-2018,-0.087007
31-08-2018,-0.18999
01-09-2018,0.005414
02-09-2018,0.079495
03-09-2018,0.046736
04-09-2018,0.243107
05-09-2018,-0.295834
06-09-2018,-0.169937
07-09-2018,-0.376467
08-09-2018,0.125057
09-09-2018,0.114017
10-09-2018,0.258567
11-09-2018,0.32619
12-09-2018,0.145436
13-09-2018,-0.059227
14-09-2018,0.237636
15-09-2018,0.139362
16-09-2018,0.307901
17-09-2018,0.164453
18-09-2018,0.127841
19-09-2018,0.164506
20-09-2018,-0.115808
21-09-2018,-0.031849
22-09-2018,-0.031863
23-09-2018,-0.47066
24-09-2018,0.460306
25-09-2018,0.354236
26-09-2018,0.051109
27-09-2018,0.215024
28-09-2018,0.272329
29-09-2018,0.175616
30-09-2018,0.27651
01-10-2018,0.330077
02-10-2018,0.354322
03-10-2018,0.190705
04-10-2018,0.035887
05-10-2018,0.192986
06-10-2018,0.106059
07-10-2018,0.178148
08-10-2018,-0.209108
09-10-2018,0.036451
10-10-2018,-0.22314
11-10-2018,-0.307334
12-10-2018,-0.03172
13-10-2018,0.066199
14-10-2018,0.073713
15-10-2018,0.191089
16-10-2018,-0.138173
17-10-2018,-0.101227
18-10-2018,-0.18319
19-10-2018,-0.091814
20-10-2018,-0.004205
21-10-2018,0.064184
22-10-2018,0.0648
23-10-2018,-0.207752
24-10-2018,-0.192051
25-10-2018,-0.295017
26-10-2018,-0.374541
27-10-2018,0.021092
28-10-2018,-0.093742
29-10-2018,-0.38236
30-10-2018,-0.331188
31-10-2018,-0.089152
01-11-2018,-0.092599
02-11-2018,-0.223245
03-11-2018,0.027977
04-11-2018,0.062373
05-11-2018,-0.278627
06-11-2018,-0.374118
07-11-2018,-0.199808
08-11-2018,-0.068627
09-11-2018,-0.68432
10-11-2018,-0.227136
11-11-2018,0.040058
12-11-2018,0
13-11-2018,0
14-11-2018,-0.26603
15-11-2018,-0.231011
16-11-2018,-0.064364
17-11-2018,-0.139541
18-11-2018,-0.009686
19-11-2018,0.02187
20-11-2018,-0.349854
21-11-2018,-0.021388
22-11-2018,-0.268356
23-11-2018,-0.633834
24-11-2018,-0.239834
25-11-2018,0
26-11-2018,0.106133
27-11-2018,-0.060738
28-11-2018,-0.09015
29-11-2018,-0.160674
30-11-2018,-0.199297
01-12-2018,-0.149447
02-12-2018,0.083094
03-12-2018,0.260442
04-12-2018,0.10727
05-12-2018,-0.123732
06-12-2018,-0.347385
07-12-2018,0.292338
08-12-2018,0.417683
09-12-2018,0.124874
10-12-2018,-0.083573
11-12-2018,0.040785
12-12-2018,0.148505
13-12-2018,0.197478
14-12-2018,-0.125978
15-12-2018,-0.012269
16-12-2018,0.137838
17-12-2018,-0.060673
18-12-2018,-0.740044
19-12-2018,-0.16031
20-12-2018,-0.378106
21-12-2018,-0.246616
22-12-2018,0.127551
23-12-2018,0.036578
24-12-2018,-0.313177
25-12-2018,-0.107621
26-12-2018,0.09551
27-12-2018,-0.180748
28-12-2018,-0.084726
29-12-2018,-0.036429
30-12-2018,0.062034
31-12-2018,-0.033139
01-01-2019,-0.201767
02-01-2019,-0.111857
03-01-2019,0.051481
04-01-2019,0.110134
05-01-2019,0.230292
06-01-2019,0.297645
07-01-2019,0.371332
08-01-2019,0.177003
09-01-2019,0.57239
10-01-2019,0.025896
11-01-2019,0.008527
12-01-2019,0.056164
13-01-2019,0.181314
14-01-2019,-0.14
15-01-2019,0.119453
16-01-2019,-0.120351
17-01-2019,-0.198181
18-01-2019,0.18392
19-01-2019,0.360168
20-01-2019,0.318128
21-01-2019,-0.003
22-01-2019,-0.288712
23-01-2019,-0.026691
24-01-2019,0.018489
25-01-2019,0.246989
26-01-2019,0.386889
27-01-2019,0.113775
28-01-2019,-0.190603
29-01-2019,0.292106
30-01-2019,0.249263
31-01-2019,0.124645
01-02-2019,0.07534
02-02-2019,0.209851
03-02-2019,0.191626
04-02-2019,0.108087
05-02-2019,0.048226
06-02-2019,-0.021897
07-02-2019,-0.149993
08-02-2019,-0.240712
09-02-2019,0.323711
10-02-2019,-0.054247
11-02-2019,-0.338585
12-02-2019,0.192014
13-02-2019,0.123409
14-02-2019,0.321646
15-02-2019,0.368671
16-02-2019,0.283518
17-02-2019,0.190472
18-02-2019,0.289409
19-02-2019,0.054007
20-02-2019,0.046556
21-02-2019,0.113576
22-02-2019,0.009946
23-02-2019,0.152251
24-02-2019,0.115902
25-02-2019,-0.183405
26-02-2019,-0.036016
27-02-2019,0.310433
28-02-2019,-0.095426
01-03-2019,0.019071
02-03-2019,0.160869
03-03-2019,0.230207
04-03-2019,0.373337
05-03-2019,-0.066986
06-03-2019,-0.36382
07-03-2019,0.121021
08-03-2019,-0.35515
09-03-2019,0.085197
10-03-2019,0.039611
11-03-2019,0.126483
12-03-2019,0.24672
13-03-2019,0.13353
14-03-2019,0.18545
15-03-2019,0.001202
16-03-2019,0.088791
17-03-2019,0.011227
18-03-2019,-0.176934
19-03-2019,0.206616
20-03-2019,-0.000087
21-03-2019,-0.013853
22-03-2019,-0.183743
23-03-2019,0.06961
24-03-2019,0.241658
25-03-2019,-0.249481
26-03-2019,0.254646
27-03-2019,-0.242951
28-03-2019,-0.535791
29-03-2019,0.197911
30-03-2019,0.187909
31-03-2019,0.085647
01-04-2019,0.309745
02-04-2019,0.276367
03-04-2019,0.230132
04-04-2019,-0.017591
05-04-2019,0.007202
06-04-2019,0.320306
07-04-2019,0.274252
08-04-2019,0.322567
09-04-2019,0.169674
10-04-2019,0.417316
11-04-2019,0
12-04-2019,0.259752
13-04-2019,0.227389
14-04-2019,0.154106
15-04-2019,-0.159796
16-04-2019,0.026392
17-04-2019,0.12659
18-04-2019,-0.23404
19-04-2019,0.060172
20-04-2019,0.133648
21-04-2019,0.238749
22-04-2019,0.549206
23-04-2019,0.51012
24-04-2019,-0.193807
25-04-2019,-0.055225
26-04-2019,-0.348406
27-04-2019,-0.034341
28-04-2019,0.056954
29-04-2019,-0.236232
30-04-2019,0.036207
01-05-2019,-0.188839
02-05-2019,-0.199303
03-05-2019,-0.20895
04-05-2019,0.183386
05-05-2019,0.187723
06-05-2019,-0.054705
07-05-2019,-0.38232
08-05-2019,0.020632
09-05-2019,-0.133557
10-05-2019,0.302354
11-05-2019,-0.031501
12-05-2019,0.016258
13-05-2019,0.254318
14-05-2019,0.287447
15-05-2019,0.012359
16-05-2019,0.261169
17-05-2019,0.24322
18-05-2019,-0.060352
19-05-2019,-0.129246
20-05-2019,0.373988
21-05-2019,0.240822
22-05-2019,-0.26332
23-05-2019,-0.63973
24-05-2019,-0.018154
25-05-2019,-0.02002
26-05-2019,0.137676
27-05-2019,0.021747
28-05-2019,0.080081
29-05-2019,-0.29162
30-05-2019,-0.079727
31-05-2019,-0.384129
01-06-2019,-0.144422
02-06-2019,0.22845
03-06-2019,-0.174923
04-06-2019,-0.337579
05-06-2019,-0.311966
06-06-2019,-0.328555
07-06-2019,0.282268
08-06-2019,0.018295
09-06-2019,0.009762
10-06-2019,0.106964
11-06-2019,0.040643
12-06-2019,-0.356132
13-06-2019,0.236435
14-06-2019,0.176173
15-06-2019,-0.412806
16-06-2019,0.154968
17-06-2019,-0.021663
18-06-2019,-0.118174
19-06-2019,0.133298
20-06-2019,0.482123
21-06-2019,0.486459
22-06-2019,0.281328
23-06-2019,0.305442
24-06-2019,0.305877
25-06-2019,-0.140889
26-06-2019,0.304265
27-06-2019,-0.165815
28-06-2019,0.022614
29-06-2019,0.241539
30-06-2019,0.032095
01-07-2019,0.406531
02-07-2019,-0.260094
03-07-2019,0.063174
04-07-2019,0.12743
05-07-2019,0.024746
06-07-2019,0.135149
07-07-2019,0.114782
08-07-2019,0.172584
09-07-2019,0.119169
10-07-2019,0.132496
11-07-2019,0.24577
12-07-2019,0.363634
13-07-2019,0.230883
14-07-2019,0.052217
15-07-2019,0.06938
16-07-2019,-0.013404
17-07-2019,-0.026252
18-07-2019,-0.065334
19-07-2019,0.149474
20-07-2019,0.144725
21-07-2019,0.11982
22-07-2019,0.439197
23-07-2019,0.13763
24-07-2019,-0.02835
25-07-2019,-0.017233
26-07-2019,-0.005552
27-07-2019,0.157506
28-07-2019,0.117299
29-07-2019,-0.062743
30-07-2019,0.252148
31-07-2019,0.134954
01-08-2019,-0.269257
02-08-2019,-0.008881
03-08-2019,-0.002386
04-08-2019,-0.028768
05-08-2019,-0.437038
06-08-2019,-0.208272
07-08-2019,-0.448209
08-08-2019,0.199117
09-08-2019,0.112677
10-08-2019,0.10718
11-08-2019,-0.059454
12-08-2019,-0.301601
13-08-2019,-0.10558
14-08-2019,-0.017751
15-08-2019,-0.226932
16-08-2019,0.136362
17-08-2019,0.053029
18-08-2019,0.047882
19-08-2019,0.296364
20-08-2019,0.19573
21-08-2019,0.264555
22-08-2019,-0.26202
23-08-2019,0.02453
24-08-2019,0
25-08-2019,0.059898
26-08-2019,0
27-08-2019,0.215524
28-08-2019,0.28334
29-08-2019,-0.120181
30-08-2019,-0.362196
31-08-2019,0.242018
01-09-2019,0.241089
02-09-2019,-0.523776
03-09-2019,-0.358245
04-09-2019,0.118985
05-09-2019,0.010734
06-09-2019,0.209111
07-09-2019,0.27699
08-09-2019,0.003418
09-09-2019,0.301563
10-09-2019,0.252792
11-09-2019,-0.049566
12-09-2019,-0.304644
13-09-2019,-0.299627
14-09-2019,0.205067
15-09-2019,0.266781
16-09-2019,0.541715
17-09-2019,0.045031
18-09-2019,-0.176241
19-09-2019,0.113523
20-09-2019,0.252701
21-09-2019,0.23833
22-09-2019,0.312636
23-09-2019,-0.019919
24-09-2019,-0.183263
25-09-2019,-0.185378
26-09-2019,-0.090172
27-09-2019,-0.378699
28-09-2019,0.119954
29-09-2019,-0.061494
30-09-2019,0.038109
01-10-2019,0
02-10-2019,-0.256522
03-10-2019,-0.38149
04-10-2019,-0.089984
05-10-2019,0.024781
06-10-2019,-0.04384
07-10-2019,-0.104533
08-10-2019,-0.023839
09-10-2019,-0.238935
10-10-2019,-0.223518
11-10-2019,0.726473
12-10-2019,0.509521
13-10-2019,0.33795
14-10-2019,-0.087858
15-10-2019,-0.214533
16-10-2019,-0.04199
17-10-2019,-0.212785
18-10-2019,-0.088249
19-10-2019,0.061962
20-10-2019,0.165501
21-10-2019,-0.139246
22-10-2019,-0.040015
23-10-2019,-0.165411
24-10-2019,-0.089206
25-10-2019,-0.221499
26-10-2019,-0.042119
27-10-2019,0.226944
28-10-2019,-0.180953
29-10-2019,-0.363063
30-10-2019,-0.417394
31-10-2019,-0.103129
01-11-2019,0.193573
02-11-2019,0.160727
03-11-2019,-0.066056
04-11-2019,0.112882
05-11-2019,0.232044
06-11-2019,-0.232949
07-11-2019,0.067214
08-11-2019,-0.251659
09-11-2019,-0.090592
10-11-2019,-0.331084
11-11-2019,-0.453528
12-11-2019,0.01553
13-11-2019,-0.008248
14-11-2019,0.035704
15-11-2019,0.077308
16-11-2019,0.183883
17-11-2019,0.299364
18-11-2019,0.097628
19-11-2019,-0.272755
20-11-2019,-0.090098
21-11-2019,-0.095411
22-11-2019,-0.002995
23-11-2019,0.189371
24-11-2019,0.297651
25-11-2019,0.471016
26-11-2019,0.207707
27-11-2019,0.016607
28-11-2019,-0.247225
29-11-2019,-0.227558
30-11-2019,-0.122495
01-12-2019,0.34649
02-12-2019,0.230396
03-12-2019,0.187683
04-12-2019,0.323033
05-12-2019,0.324041
06-12-2019,0.140244
07-12-2019,0.28026
08-12-2019,0.122946
09-12-2019,0.009356
10-12-2019,-0.04149
11-12-2019,-0.232965
12-12-2019,0.110139
13-12-2019,0.345612
14-12-2019,0.26519
15-12-2019,0.183793
16-12-2019,0.024467
17-12-2019,0.358983
18-12-2019,-0.166513
19-12-2019,-0.161697
20-12-2019,0.17113
21-12-2019,0.292083
22-12-2019,0.150174
23-12-2019,-0.131318
24-12-2019,-0.10376
25-12-2019,0.111764
26-12-2019,0.372107
27-12-2019,0.488596
28-12-2019,0.226261
29-12-2019,0.376685
30-12-2019,0.210192
31-12-2019,0.227397
01-01-2020,0.163902
02-01-2020,0.264282
03-01-2020,0.511674
04-01-2020,0.36878
05-01-2020,0.252211
06-01-2020,0.447744
07-01-2020,-0.004779
08-01-2020,0.092465
09-01-2020,0.039459
10-01-2020,-0.010889
11-01-2020,0.098345
12-01-2020,0.066724
13-01-2020,-0.033988
14-01-2020,-0.019849
15-01-2020,-0.205995
16-01-2020,0.124586
17-01-2020,0.093066
18-01-2020,0.254071
19-01-2020,0.403097
20-01-2020,0.217579
21-01-2020,-0.165256
22-01-2020,0
23-01-2020,-0.23073
24-01-2020,-0.148292
25-01-2020,0.051204
26-01-2020,0.075096
27-01-2020,-0.442911
28-01-2020,-0.152274
29-01-2020,-0.058624
30-01-2020,-0.247603
31-01-2020,0.076198
01-02-2020,0.014535
02-02-2020,-0.034485
03-02-2020,-0.375531
04-02-2020,0.092189
05-02-2020,0.157536
06-02-2020,0.197644
07-02-2020,0.048622
08-02-2020,0.093077
09-02-2020,0.115324
10-02-2020,-0.248403
11-02-2020,0.127338
12-02-2020,0.116528
13-02-2020,-0.021932
14-02-2020,0.139128
15-02-2020,0.302781
16-02-2020,0.252252
17-02-2020,0.050872
18-02-2020,-0.185807
19-02-2020,0.354915
20-02-2020,0.038118
21-02-2020,-0.248908
22-02-2020,0.160488
23-02-2020,0.227642
24-02-2020,-0.289696
25-02-2020,-0.151882
26-02-2020,-0.157234
27-02-2020,-0.384153
28-02-2020,-0.555999
29-02-2020,-0.291233
01-03-2020,-0.203421
02-03-2020,0.094974
03-03-2020,0.392883
04-03-2020,0.182637
05-03-2020,0.112746
06-03-2020,-0.53411
07-03-2020,-0.380466
08-03-2020,-0.472387
09-03-2020,-0.718441
10-03-2020,0.266048
11-03-2020,-0.157365
12-03-2020,-0.430123
13-03-2020,-0.187632
14-03-2020,0.073462
15-03-2020,0.041429
16-03-2020,-0.5125
17-03-2020,-0.318693
18-03-2020,-0.613712
19-03-2020,-0.032157
20-03-2020,-0.114616
21-03-2020,-0.07847
22-03-2020,-0.170749
23-03-2020,-0.304506
24-03-2020,0.089749
25-03-2020,-0.189123
26-03-2020,-0.489941
27-03-2020,-0.247537
28-03-2020,0.287886
29-03-2020,0.346266
30-03-2020,-0.446875
31-03-2020,-0.104995
01-04-2020,-0.26369
02-04-2020,0.174272
03-04-2020,0.378061
04-04-2020,-0.059373
05-04-2020,-0.230325
06-04-2020,-0.4017
07-04-2020,0.097373
08-04-2020,0.108695
09-04-2020,0.181612
10-04-2020,0.079719
11-04-2020,0.322211
12-04-2020,0.14827
13-04-2020,0.141585
14-04-2020,0.016714
15-04-2020,-0.289181
16-04-2020,-0.239018
17-04-2020,-0.267606
18-04-2020,-0.028805
19-04-2020,0.181485
20-04-2020,-0.707912
21-04-2020,-0.41198
22-04-2020,-0.315383
23-04-2020,0.156859
24-04-2020,0.098399
25-04-2020,-0.091199
26-04-2020,-0.055171
27-04-2020,-0.466678
28-04-2020,-0.484404
29-04-2020,0.190053
30-04-2020,0.302196
01-05-2020,0.173572
02-05-2020,0.038356
03-05-2020,0.047319
04-05-2020,-0.391304
05-05-2020,0.48723
06-05-2020,0.025812
07-05-2020,0.221594
08-05-2020,0.301978
09-05-2020,0.146485
10-05-2020,0.271496
11-05-2020,0.032956
12-05-2020,0.411605
13-05-2020,-0.138073
14-05-2020,0.027168
15-05-2020,0.294162
16-05-2020,0.178639
17-05-2020,0.237604
18-05-2020,0.554402
19-05-2020,0.250339
20-05-2020,0.152812
21-05-2020,0.232252
22-05-2020,-0.152644
23-05-2020,0.200874
24-05-2020,0.314324
25-05-2020,0.196719
26-05-2020,0.387698
27-05-2020,-0.122183
28-05-2020,-0.190376
29-05-2020,-0.059256
30-05-2020,0.184437
31-05-2020,0.124932
01-06-2020,-0.056697
02-06-2020,0.432671
03-06-2020,0.235444
04-06-2020,-0.133154
05-06-2020,0.321658
06-06-2020,0.272571
07-06-2020,0.491721
08-06-2020,0.225889
09-06-2020,0.061363
10-06-2020,-0.193488
11-06-2020,-0.32574
12-06-2020,-0.036495
13-06-2020,0.456412
14-06-2020,0.266713
15-06-2020,-0.050417
16-06-2020,0.218142
17-06-2020,-0.162141
18-06-2020,0.006911
19-06-2020,0.590603
20-06-2020,0.318791
21-06-2020,0.164361
22-06-2020,0.108973
23-06-2020,0.164602
24-06-2020,-0.258735
25-06-2020,-0.184712
26-06-2020,0.129126
27-06-2020,0.225392
28-06-2020,0.234771
29-06-2020,-0.054461
30-06-2020,-0.023955
01-07-2020,0.252397
02-07-2020,0.1558
03-07-2020,-0.1513
04-07-2020,0.156928
05-07-2020,0.173713
06-07-2020,0.117913
07-07-2020,-0.064588
08-07-2020,-0.173223
09-07-2020,-0.133205
10-07-2020,0.026581
11-07-2020,0.045311
12-07-2020,0.310149
13-07-2020,-0.279926
14-07-2020,-0.006644
15-07-2020,0.191036
16-07-2020,-0.306477
17-07-2020,-0.220083
18-07-2020,0.16676
19-07-2020,0.266609
20-07-2020,-0.159383
21-07-2020,0.247061
22-07-2020,-0.169809
23-07-2020,-0.081004
24-07-2020,-0.008698
25-07-2020,0.064557
26-07-2020,0.26769
27-07-2020,-0.149687
28-07-2020,0.022708
29-07-2020,-0.168988
30-07-2020,-0.280286
31-07-2020,0.066035
01-08-2020,0.139323
02-08-2020,0.011654
03-08-2020,-0.10099
04-08-2020,-0.007104
05-08-2020,0.244188
06-08-2020,-0.140742
07-08-2020,-0.212595
08-08-2020,0.18604
09-08-2020,-0.031409
10-08-2020,0.221849
11-08-2020,0.2719
12-08-2020,0.030099
13-08-2020,-0.235298
14-08-2020,-0.208167
15-08-2020,0.007954
16-08-2020,0.232816
17-08-2020,0.367204
18-08-2020,-0.038866
19-08-2020,-0.019612
20-08-2020,-0.18103
21-08-2020,-0.126507
22-08-2020,0.077925
23-08-2020,0.044865
24-08-2020,0.296855
25-08-2020,0.274909
26-08-2020,0.329121
27-08-2020,0.122941
28-08-2020,-0.097312
29-08-2020,0.18011
30-08-2020,0.221615
31-08-2020,0.275542
01-09-2020,0.284516
02-09-2020,0.158629
03-09-2020,-0.174136
04-09-2020,-0.307864
05-09-2020,0.239267
06-09-2020,0.22468
07-09-2020,-0.546433
08-09-2020,-0.657478
09-09-2020,-0.201999
10-09-2020,-0.263738
11-09-2020,-0.126893
12-09-2020,0.186859
13-09-2020,0.076919
14-09-2020,-0.122995
15-09-2020,-0.036838
16-09-2020,0.178427
17-09-2020,-0.123137
18-09-2020,0.058372
19-09-2020,0.107212
20-09-2020,0.131372
21-09-2020,-0.151949
22-09-2020,-0.155193
23-09-2020,-0.084948
24-09-2020,-0.288686
25-09-2020,-0.118317
26-09-2020,0.151885
27-09-2020,0.146257
28-09-2020,-0.008546
29-09-2020,-0.289457
30-09-2020,-0.134422
01-10-2020,-0.202464
02-10-2020,-0.448396
03-10-2020,0.25007
04-10-2020,0.181809
05-10-2020,0.216668
06-10-2020,0.191308
07-10-2020,-0.253518
08-10-2020,0.162047
09-10-2020,0.2414
10-10-2020,0.308888
11-10-2020,0.173971
12-10-2020,-0.168604
13-10-2020,0.190993
14-10-2020,0.093137
15-10-2020,-0.216273
16-10-2020,-0.054552
17-10-2020,0.233612
18-10-2020,-0.027048
19-10-2020,0.038366
20-10-2020,0
21-10-2020,0.105667
22-10-2020,-0.189728
23-10-2020,0.131501
24-10-2020,0.201312
25-10-2020,0.210696
26-10-2020,-0.207266
27-10-2020,0.285306
28-10-2020,-0.202338
29-10-2020,-0.14943
30-10-2020,-0.026792
31-10-2020,0.15747
01-11-2020,0.236053
02-11-2020,-0.249907
03-11-2020,0.074379
04-11-2020,0.204907
05-11-2020,0.084527
06-11-2020,0.038307
07-11-2020,0.138446
08-11-2020,0.33389
09-11-2020,0.087071
10-11-2020,0.194471
11-11-2020,0.204609
12-11-2020,-0.038295
13-11-2020,0.231964
14-11-2020,0.367617
15-11-2020,0.335957
16-11-2020,0.182651
17-11-2020,0.139113
18-11-2020,0.059928
19-11-2020,-0.088601
20-11-2020,0.148443
21-11-2020,0.238082
22-11-2020,0.030113
23-11-2020,0.351142
24-11-2020,0.422997
25-11-2020,0.251252
26-11-2020,0.084589
27-11-2020,-0.058306
28-11-2020,0.181639
29-11-2020,0.083605
30-11-2020,-0.289831
01-12-2020,-0.16129
02-12-2020,-0.151725
03-12-2020,-0.014659
04-12-2020,0.214739
05-12-2020,0.342904
06-12-2020,0.325767
07-12-2020,0.018815
08-12-2020,-0.139682
09-12-2020,-0.014708
10-12-2020,0.222774
11-12-2020,0.277571
12-12-2020,0.215217
13-12-2020,0.325741
14-12-2020,0.207318
15-12-2020,-0.052379
16-12-2020,-0.001559
17-12-2020,0.158563
18-12-2020,0.131126
19-12-2020,0.202848
20-12-2020,0.190689
21-12-2020,-0.291581
22-12-2020,-0.230813
23-12-2020,-0.014706
24-12-2020,0.221099
25-12-2020,0.314213
26-12-2020,0.358678
27-12-2020,0.10702
28-12-2020,0.031135
29-12-2020,0.217512
30-12-2020,0.181657
31-12-2020,0.05362
01-01-2021,0.039263
02-01-2021,0.261034
03-01-2021,0.065662
04-01-2021,-0.063529
05-01-2021,0.063663
06-01-2021,0.347176
07-01-2021,0.342702
08-01-2021,0.24862
09-01-2021,0.240849
10-01-2021,0.301717
11-01-2021,0.071903
12-01-2021,0.193973
13-01-2021,0.273274
14-01-2021,0.11636
15-01-2021,-0.073403
16-01-2021,0.055955
17-01-2021,0.233511
18-01-2021,-0.025424
19-01-2021,0.215051
20-01-2021,0.412902
21-01-2021,-0.10725
22-01-2021,-0.29984
23-01-2021,0.155028
24-01-2021,0.254313
25-01-2021,0.171477
26-01-2021,0.15157
27-01-2021,0.093654
28-01-2021,-0.240432
29-01-2021,-0.100529
30-01-2021,0.05031
31-01-2021,0.185973
01-02-2021,0.15256
02-02-2021,0.361681
03-02-2021,0.305774
04-02-2021,0.309328
05-02-2021,0.496662
06-02-2021,0.293956
07-02-2021,0.257223
08-02-2021,0.518229
09-02-2021,0.346866
10-02-2021,0.199176
11-02-2021,-0.147271
12-02-2021,0.016838
13-02-2021,0.167636
14-02-2021,0.243382
15-02-2021,0.648221
16-02-2021,0.453574
17-02-2021,0.156437
18-02-2021,0.056875
19-02-2021,-0.086672
20-02-2021,0.154242
21-02-2021,0.203969
22-02-2021,0.300815
23-02-2021,0.506973
24-02-2021,0.154653
25-02-2021,0.293598
26-02-2021,-0.031049
27-02-2021,0.093334
28-02-2021,0.328386
01-03-2021,0.337653
02-03-2021,-0.032772
03-03-2021,0.144083
04-03-2021,0.274358
05-03-2021,0.410099
06-03-2021,0.272133
07-03-2021,0.299693
08-03-2021,0.265163
09-03-2021,0.168191
10-03-2021,-0.096372
11-03-2021,0.212657
12-03-2021,-0.006131
13-03-2021,0.253572
14-03-2021,0.291432
15-03-2021,0.226949
16-03-2021,0.040115
17-03-2021,-0.08916
18-03-2021,-0.119055
19-03-2021,-0.159154
20-03-2021,0.088499
21-03-2021,0.284302
22-03-2021,-0.056413
23-03-2021,-0.453432
24-03-2021,0.565134
25-03-2021,-0.017504
26-03-2021,0.456543
27-03-2021,0.35739
28-03-2021,0.399502
29-03-2021,0.002275
30-03-2021,-0.03305
31-03-2021,0.148519
01-04-2021,0.11191
02-04-2021,0.2132
03-04-2021,0.164008
04-04-2021,0.392491
05-04-2021,0.065823
06-04-2021,0.291912
07-04-2021,0.17045
08-04-2021,0
09-04-2021,0.003787
10-04-2021,0.099298
11-04-2021,0.289308
12-04-2021,0.170626
13-04-2021,0.588969
14-04-2021,0.518223
15-04-2021,0.206116
16-04-2021,0.11996
17-04-2021,0.292425
18-04-2021,0.157655
19-04-2021,0.060217
20-04-2021,0.216294
21-04-2021,-0.095696
22-04-2021,-0.068182
23-04-2021,0.047622
24-04-2021,0.280347
25-04-2021,0.235399
26-04-2021,-0.054458
27-04-2021,0.193534
28-04-2021,0.196463
29-04-2021,0.493445
30-04-2021,-0.033516
01-05-2021,0.151031
02-05-2021,0.148092
03-05-2021,-0.069137
04-05-2021,0.203149
05-05-2021,0.20937
06-05-2021,-0.102895
07-05-2021,0.091779
08-05-2021,0.402587
09-05-2021,0.338501
10-05-2021,0.374882
11-05-2021,-0.125292
12-05-2021,0.178978
13-05-2021,-0.17901
14-05-2021,0.013699
15-05-2021,0.199904
16-05-2021,0.186026
17-05-2021,-0.041701
18-05-2021,0.230317
19-05-2021,-0.427857
20-05-2021,-0.220316
21-05-2021,-0.031463
22-05-2021,0.25356
23-05-2021,0.321276
24-05-2021,0.392735
25-05-2021,0.124111
26-05-2021,0.064233
27-05-2021,-0.018115
28-05-2021,0.350986
29-05-2021,0.351023
30-05-2021,0.259691
31-05-2021,0.283789
01-06-2021,0.186315
02-06-2021,0.348743
03-06-2021,-0.002434
04-06-2021,0.122091
05-06-2021,0.348204
06-06-2021,0.317704
07-06-2021,-0.188633
08-06-2021,-0.09306
09-06-2021,0.119967
10-06-2021,0.03296
11-06-2021,0.273784
12-06-2021,0.400065
13-06-2021,0.17967
14-06-2021,0.409183
15-06-2021,0.349629
16-06-2021,0.188403
17-06-2021,-0.230139
18-06-2021,-0.099353
19-06-2021,0.142919
20-06-2021,0.146437
21-06-2021,0.131915
22-06-2021,0.17421
23-06-2021,0.247319
24-06-2021,0.052801
25-06-2021,0.265336
26-06-2021,0.174667
27-06-2021,0.28625
28-06-2021,-0.061652
29-06-2021,0.06048
30-06-2021,0.026727
01-07-2021,0.089998
02-07-2021,-0.098418
03-07-2021,0.200643
04-07-2021,0.135126
05-07-2021,0.291328
06-07-2021,0.369637
07-07-2021,0.121184
08-07-2021,-0.050613
09-07-2021,0.064432
10-07-2021,0.263734
11-07-2021,0.190297
12-07-2021,-0.014064
13-07-2021,0.160648
14-07-2021,-0.255924
15-07-2021,-0.049496
16-07-2021,-0.107639
17-07-2021,0.108967
18-07-2021,-0.302697
19-07-2021,-0.406339
20-07-2021,-0.171883
21-07-2021,0.070421
22-07-2021,0.08374
23-07-2021,-0.044463
24-07-2021,0.228112
25-07-2021,0.240955
26-07-2021,-0.260999
27-07-2021,-0.026141
28-07-2021,-0.03711
29-07-2021,0.251925
30-07-2021,0.131247
31-07-2021,0.248023
01-08-2021,0.198766
02-08-2021,-0.117869
03-08-2021,0.032133
04-08-2021,-0.194725
05-08-2021,0.022165
06-08-2021,0.056516
07-08-2021,0.151579
08-08-2021,0.153167
09-08-2021,-0.208627
10-08-2021,0.051274
11-08-2021,-0.101733
12-08-2021,-0.170292
13-08-2021,-0.056474
14-08-2021,0.162837
15-08-2021,0.328376
16-08-2021,-0.126861
17-08-2021,-0.172262
18-08-2021,-0.024717
19-08-2021,-0.38651
20-08-2021,-0.206499
21-08-2021,0.13979
22-08-2021,0.149277
23-08-2021,0.042347
24-08-2021,0.276474
25-08-2021,0.062468
26-08-2021,-0.086952
27-08-2021,0.272199
28-08-2021,0.216619
29-08-2021,0.075318
30-08-2021,0.16216
31-08-2021,-0.248089
01-09-2021,-0.125838
02-09-2021,-0.098548
03-09-2021,-0.116074
04-09-2021,0.111907
05-09-2021,0.02935
06-09-2021,-0.278716
07-09-2021,-0.1924
08-09-2021,0.040276
09-09-2021,0.259399
10-09-2021,-0.045619
11-09-2021,0.085399
12-09-2021,0.282843
13-09-2021,0.153603
14-09-2021,0.158736
15-09-2021,0.189424
16-09-2021,-0.051096
17-09-2021,-0.115487
18-09-2021,0.146954
19-09-2021,0.13146
20-09-2021,-0.172668
21-09-2021,0.169973
22-09-2021,0.1011
23-09-2021,0.124135
24-09-2021,0.161521
25-09-2021,0.134122
26-09-2021,0.138285
27-09-2021,0.206469
28-09-2021,0.303164
29-09-2021,-0.17067
30-09-2021,0.004833
01-10-2021,-0.130954
02-10-2021,0.256469
03-10-2021,0.336751
04-10-2021,0.174725
05-10-2021,0.25489
06-10-2021,0.090988
07-10-2021,0.001009
08-10-2021,0.304211
09-10-2021,0.327099
10-10-2021,0.202948
11-10-2021,0.547814
12-10-2021,0.170079
13-10-2021,-0.034934
14-10-2021,0.306301
15-10-2021,0.318241
16-10-2021,0.40674
17-10-2021,0.339053
18-10-2021,0.086427
19-10-2021,0.212006
20-10-2021,0.033933
21-10-2021,0.08032
22-10-2021,0.030336
23-10-2021,0.076034
24-10-2021,0.282014
25-10-2021,0.396349
26-10-2021,0.200927
27-10-2021,0.052721
28-10-2021,-0.189787
29-10-2021,-0.027908
30-10-2021,0.135367
31-10-2021,0.338987
01-11-2021,0.143655
02-11-2021,0.064202
03-11-2021,-0.316117
04-11-2021,-0.083784
05-11-2021,-0.070779
06-11-2021,0.138711
07-11-2021,0.094788
08-11-2021,0.298092
09-11-2021,0.108878
10-11-2021,-0.015782
11-11-2021,0.011231
12-11-2021,0.027666
13-11-2021,0.197461
14-11-2021,0.102202
15-11-2021,-0.122338
16-11-2021,-0.069232
17-11-2021,-0.17289
18-11-2021,-0.447903
19-11-2021,-0.244394
20-11-2021,-0.203443
21-11-2021,-0.093289
22-11-2021,-0.126904
23-11-2021,-0.415862
24-11-2021,-0.4669
25-11-2021,-0.314777
26-11-2021,-0.54855
27-11-2021,-0.282473
28-11-2021,-0.161643
29-11-2021,0.119013
30-11-2021,-0.199053
01-12-2021,0.152832
02-12-2021,-0.163013
03-12-2021,-0.053196
04-12-2021,-0.01801
05-12-2021,0.027622
06-12-2021,0.17459
07-12-2021,0.232506
08-12-2021,0.061768
09-12-2021,0.03841
10-12-2021,0.260552
11-12-2021,0.189923
12-12-2021,0.229132
13-12-2021,-0.138444
14-12-2021,-0.277638
15-12-2021,-0.165188
16-12-2021,0.266546
17-12-2021,-0.058657
18-12-2021,-0.040928
19-12-2021,0.035804
20-12-2021,-0.454445
21-12-2021,0.007733
22-12-2021,0.181071
23-12-2021,0.256041
24-12-2021,0.018097
25-12-2021,0.202598
26-12-2021,0.129639
27-12-2021,0.047676
28-12-2021,0.347832
29-12-2021,-0.023343
30-12-2021,0.134879
31-12-2021,0.137306
01-01-2022,0.173971
02-01-2022,0.193289
03-01-2022,0.229012
04-01-2022,0.132636
05-01-2022,-0.015901
06-01-2022,-0.07976
07-01-2022,0.092869
08-01-2022,0.114076
09-01-2022,0.174773
10-01-2022,-0.11472
11-01-2022,0.187703
12-01-2022,0.336209
13-01-2022,0.147026
14-01-2022,-0.067382
15-01-2022,0.234748
16-01-2022,0.163948
17-01-2022,0.219475
18-01-2022,0.510989
19-01-2022,0.368693
20-01-2022,0.048763
21-01-2022,-0.334406
22-01-2022,0.096048
23-01-2022,0.248892
24-01-2022,0.072655
25-01-2022,-0.039138
26-01-2022,0.282092
27-01-2022,-0.010357
28-01-2022,0.12145
29-01-2022,0.037705
30-01-2022,0.116324
31-01-2022,0.363797
01-02-2022,0.135896
02-02-2022,0.084758
03-02-2022,-0.002536
04-02-2022,0.451219
05-02-2022,0.315836
06-02-2022,0.182776
07-02-2022,0.072513
08-02-2022,-0.132102
09-02-2022,0.098283
10-02-2022,-0.031857
11-02-2022,0.030584
12-02-2022,0.236829
13-02-2022,0.101932
14-02-2022,0.247485
15-02-2022,-0.164616
16-02-2022,0.127696
17-02-2022,-0.133713
18-02-2022,-0.276509
19-02-2022,0.06664
20-02-2022,0.202668
21-02-2022,0.127971
22-02-2022,0.329364
23-02-2022,0.229977
24-02-2022,0.403478
25-02-2022,0.209983
26-02-2022,0.233586
27-02-2022,0.246175
28-02-2022,0.35502
01-03-2022,0.223129
02-03-2022,0.290707
03-03-2022,0.290733
04-03-2022,0.367786
05-03-2022,0.246131
06-03-2022,0.230756
07-03-2022,0.437198
08-03-2022,0.36316
09-03-2022,0.101655
10-03-2022,0.006097
11-03-2022,0.064392
12-03-2022,0.132959
13-03-2022,0.209617
14-03-2022,-0.36136
15-03-2022,0
16-03-2022,-0.067443
17-03-2022,0.355389
18-03-2022,0.227401
19-03-2022,0.248416
20-03-2022,0.398894
21-03-2022,0.49636
22-03-2022,0.43924
23-03-2022,0.411893
24-03-2022,0.039636
25-03-2022,0
26-03-2022,0.312812
27-03-2022,0.183601
28-03-2022,0
29-03-2022,-0.137213
30-03-2022,0.076801
31-03-2022,-0.589776
01-04-2022,-0.519339
02-04-2022,0.351126
03-04-2022,-0.008866
04-04-2022,0.087293
05-04-2022,0.051894
06-04-2022,-0.205936
07-04-2022,-0.080575
08-04-2022,-0.070556
09-04-2022,0.175767
10-04-2022,0.146768
11-04-2022,-0.484396
12-04-2022,0.038713
13-04-2022,0.186211
14-04-2022,0.114532
15-04-2022,0.049505
16-04-2022,0.092808
17-04-2022,0.131387
18-04-2022,0.084473
19-04-2022,-0.059915
20-04-2022,-0.245507
21-04-2022,-0.013517
22-04-2022,-0.352975
23-04-2022,-0.20541
24-04-2022,0.067639
25-04-2022,-0.381435
26-04-2022,0.02394
27-04-2022,0.16283
28-04-2022,0.113299
29-04-2022,0.28425
30-04-2022,0.039168
01-05-2022,0.013073
02-05-2022,-0.081736
03-05-2022,-0.145069
04-05-2022,0.083584
05-05-2022,0.00368
06-05-2022,0.058655
07-05-2022,0.350025
08-05-2022,0.256899
09-05-2022,-0.282731
10-05-2022,-0.297175
11-05-2022,0.139516
12-05-2022,-0.10703
13-05-2022,0.388237
14-05-2022,0.269498
15-05-2022,0.178479
16-05-2022,0.020876
17-05-2022,0.169522
18-05-2022,0.095973
19-05-2022,-0.105382
20-05-2022,0.172233
21-05-2022,0.228142
22-05-2022,0.134865
23-05-2022,0.035719
24-05-2022,-0.061366
25-05-2022,0.247744
26-05-2022,0.036846
27-05-2022,0.184704
28-05-2022,0.157215
29-05-2022,0.107333
30-05-2022,0.471639
31-05-2022,0.338161
01-06-2022,0.097345
02-06-2022,-0.385883
03-06-2022,-0.012218
04-06-2022,0.196211
05-06-2022,0.142785
06-06-2022,0.233156
07-06-2022,0.115826
08-06-2022,0.318125
09-06-2022,0.020933
10-06-2022,-0.252646
11-06-2022,0.436
12-06-2022,0.312587
13-06-2022,-0.086239
14-06-2022,0.116974
15-06-2022,-0.079514
16-06-2022,0.138822
17-06-2022,-0.048352
18-06-2022,0.01715
19-06-2022,-0.036423
20-06-2022,-0.252429
21-06-2022,0.080073
22-06-2022,-0.431739
23-06-2022,-0.261717
24-06-2022,0.035069
25-06-2022,0.020839
26-06-2022,0.148976
27-06-2022,0.033752
28-06-2022,0.15409
29-06-2022,-0.192732
30-06-2022,-0.307436
01-07-2022,0.011573
02-07-2022,-0.068475
03-07-2022,0.0458
04-07-2022,-0.219912
05-07-2022,-0.31459
06-07-2022,-0.249644
07-07-2022,-0.034594
08-07-2022,-0.054097
09-07-2022,-0.010578
10-07-2022,0.177699
11-07-2022,-0.328958
12-07-2022,-0.302286
13-07-2022,-0.217003
14-07-2022,-0.186448
15-07-2022,-0.1438
16-07-2022,0.046626
17-07-2022,0.04686
18-07-2022,0.258487
19-07-2022,-0.141517
20-07-2022,-0.063972
21-07-2022,-0.2569
22-07-2022,-0.180477
23-07-2022,-0.000502
24-07-2022,0
25-07-2022,-0.231907
26-07-2022,-0.144388
27-07-2022,0.030423
28-07-2022,0.084487
29-07-2022,0.219395
30-07-2022,0.17189
31-07-2022,0.088685
01-08-2022,-0.177018
02-08-2022,-0.214007
03-08-2022,-0.502574
04-08-2022,-0.189587
05-08-2022,-0.08383
06-08-2022,-0.027772
07-08-2022,0.098759
08-08-2022,0.031678
09-08-2022,-0.142167
10-08-2022,-0.276987
11-08-2022,-0.042404
12-08-2022,-0.042516
13-08-2022,0.055955
14-08-2022,0.121422
15-08-2022,-0.302111
16-08-2022,-0.241742
17-08-2022,-0.043816
18-08-2022,-0.018934
19-08-2022,-0.038478
20-08-2022,0.06873
21-08-2022,-0.009267
22-08-2022,-0.277416
23-08-2022,0.002587
24-08-2022,0.002217
25-08-2022,0.191271
26-08-2022,0.200995
27-08-2022,0.063469
28-08-2022,-0.000012
29-08-2022,-0.113349
30-08-2022,-0.137098
31-08-2022,-0.297913
01-09-2022,-0.02251
02-09-2022,0.066162
03-09-2022,0.109265
04-09-2022,0.108205
05-09-2022,0.251534
06-09-2022,-0.027461
07-09-2022,-0.342382
08-09-2022,-0.019213
09-09-2022,0.124458
10-09-2022,0.272594
11-09-2022,0.146896
12-09-2022,0.092193
13-09-2022,-0.080008
14-09-2022,-0.219529
15-09-2022,-0.096413
16-09-2022,-0.145423
17-09-2022,0.078812
18-09-2022,0.112719
19-09-2022,-0.08451
20-09-2022,-0.05544
21-09-2022,0.051157
22-09-2022,0.018869
23-09-2022,-0.324238
24-09-2022,-0.114286
25-09-2022,-0.002687
26-09-2022,-0.576288
27-09-2022,-0.113806
28-09-2022,0.044368
29-09-2022,-0.046743
30-09-2022,-0.190934
01-10-2022,-0.058195
02-10-2022,0.007936
03-10-2022,0.436792
04-10-2022,0
05-10-2022,0.287736
06-10-2022,0.258046
07-10-2022,0.130137
08-10-2022,0.111806
09-10-2022,0.23411
10-10-2022,-0.064796
11-10-2022,-0.111638
12-10-2022,-0.142005
13-10-2022,-0.219059
14-10-2022,-0.08087
15-10-2022,0.079289
16-10-2022,0.124626
17-10-2022,0.135802
18-10-2022,-0.082412
19-10-2022,-0.179439
20-10-2022,0.028912
21-10-2022,0.028274
22-10-2022,0.00589
23-10-2022,0.09143
24-10-2022,-0.184182
25-10-2022,-0.023989
26-10-2022,-0.194679
27-10-2022,0.060646
28-10-2022,-0.135417
29-10-2022,0.216006
30-10-2022,0.149034
31-10-2022,-0.151385
01-11-2022,0.018042
02-11-2022,0.096956
03-11-2022,-0.105936
04-11-2022,0.110073
05-11-2022,0.062799
06-11-2022,-0.053806
07-11-2022,-0.086978
08-11-2022,-0.407976
09-11-2022,-0.303954
10-11-2022,-0.15649
11-11-2022,0.139716
12-11-2022,0.247166
13-11-2022,0.246813
14-11-2022,-0.051081
15-11-2022,-0.150702
16-11-2022,-0.07934
17-11-2022,-0.393112
18-11-2022,-0.280608
19-11-2022,0.077512
20-11-2022,0.169673
21-11-2022,-0.425667
22-11-2022,-0.084017
23-11-2022,-0.098769
24-11-2022,-0.157327
25-11-2022,-0.031998
26-11-2022,0.017828
27-11-2022,0.131048
28-11-2022,-0.321424
29-11-2022,0.084052
30-11-2022,-0.041253
01-12-2022,0.112258
02-12-2022,0.04796
03-12-2022,-0.211976
04-12-2022,-0.181907
05-12-2022,0.155774
06-12-2022,-0.333507
07-12-2022,-0.344362
08-12-2022,-0.090725
09-12-2022,-0.08216
10-12-2022,0.209182
11-12-2022,0.1009
12-12-2022,-0.016404
13-12-2022,0.195768
14-12-2022,0.013189
15-12-2022,-0.343433
16-12-2022,-0.265358
17-12-2022,-0.11732
18-12-2022,0.093271
19-12-2022,0.016929
20-12-2022,-0.01215
21-12-2022,0.085414
22-12-2022,0.084951
23-12-2022,0.132276
24-12-2022,0.141221
25-12-2022,0.155933
26-12-2022,0.275607
27-12-2022,0.294204
28-12-2022,-0.112105
29-12-2022,-0.244058
30-12-2022,0.016691
31-12-2022,0.125653
01-01-2023,0.12714
02-01-2023,0.034854
03-01-2023,-0.133568
04-01-2023,-0.327179
05-01-2023,0.037568
06-01-2023,-0.111453
07-01-2023,0.132161
08-01-2023,0.179477
09-01-2023,0.626702
10-01-2023,-0.14513
11-01-2023,-0.062911
12-01-2023,0.033188
13-01-2023,0.286629
14-01-2023,0.158642
15-01-2023,0.199227
16-01-2023,0.036323
17-01-2023,0.010166
18-01-2023,0.176901
19-01-2023,-0.259054
20-01-2023,0.321593
21-01-2023,0.065512
22-01-2023,-0.063999
23-01-2023,0.19987
24-01-2023,-0.128935
25-01-2023,-0.190575
26-01-2023,0.087055
27-01-2023,0.10068
28-01-2023,0.039052
29-01-2023,0.028631
30-01-2023,0.058045
31-01-2023,-0.05993
01-02-2023,-0.064186
02-02-2023,0.099199
03-02-2023,-0.113272
04-02-2023,0.022713
05-02-2023,0.222831
06-02-2023,0.080883
07-02-2023,0.260474
08-02-2023,0.104287
09-02-2023,-0.030333
10-02-2023,0.17463
11-02-2023,0.149477
12-02-2023,0.194916
13-02-2023,-0.086453
14-02-2023,-0.086368
15-02-2023,-0.245444
16-02-2023,0.093522
17-02-2023,-0.502332
18-02-2023,0.040398
19-02-2023,0.291136
20-02-2023,0.043915
21-02-2023,-0.287859
22-02-2023,-0.309283
23-02-2023,0.021129
24-02-2023,-0.009836
25-02-2023,0.253816
26-02-2023,0.288892
27-02-2023,-0.144951
28-02-2023,0.08084
01-03-2023,0.212586
02-03-2023,0.050332
03-03-2023,0.056724
04-03-2023,0.185739
05-03-2023,0.135547
06-03-2023,0.127769
07-03-2023,0.073282
08-03-2023,-0.149654
09-03-2023,-0.242286
10-03-2023,-0.098342
11-03-2023,0.170005
12-03-2023,-0.122716
13-03-2023,0.089037
14-03-2023,-0.310161
15-03-2023,-0.179625
16-03-2023,0.044592
17-03-2023,-0.036483
18-03-2023,0.088783
19-03-2023,0.190548
20-03-2023,-0.188079
21-03-2023,-0.012258
22-03-2023,0.04304
23-03-2023,0
24-03-2023,-0.020936
25-03-2023,0.055712
26-03-2023,0.090231
27-03-2023,0.129872
28-03-2023,0.037515
29-03-2023,0.210479
30-03-2023,0.165471
31-03-2023,0.105816
01-04-2023,0.223025
02-04-2023,0.388724
03-04-2023,0.290088
04-04-2023,0.251793
05-04-2023,0.007278
06-04-2023,-0.139021
07-04-2023,0.114698
08-04-2023,0.038942
09-04-2023,0.172822
10-04-2023,0.133936
11-04-2023,0.126533
12-04-2023,0.138738
13-04-2023,0.0501
14-04-2023,0.13797
15-04-2023,0.183782
16-04-2023,0.065123
17-04-2023,0.037452
18-04-2023,0.125323
19-04-2023,-0.2141
20-04-2023,-0.239915
21-04-2023,-0.224066
22-04-2023,0.108609
23-04-2023,0.242745
24-04-2023,-0.08263
25-04-2023,-0.161663
26-04-2023,-0.063424
27-04-2023,0.041652
28-04-2023,0.038588
29-04-2023,0.210979
30-04-2023,0.218227
01-05-2023,-0.020008
02-05-2023,-0.239481
03-05-2023,-0.133188
04-05-2023,0.045483
05-05-2023,0.024525
06-05-2023,0.219084
07-05-2023,0.192185
08-05-2023,0.364144
09-05-2023,-0.18006
10-05-2023,-0.35113
11-05-2023,-0.149283
12-05-2023,-0.231441
13-05-2023,-0.061818
14-05-2023,0.066026
15-05-2023,-0.037665
16-05-2023,-0.061482
17-05-2023,-0.152628
18-05-2023,0.005702
19-05-2023,0.107906
20-05-2023,0.137147
21-05-2023,0.126872
22-05-2023,0.011448
23-05-2023,-0.014209
24-05-2023,0.075694
25-05-2023,0.189354
26-05-2023,0.104759
27-05-2023,0.250274
28-05-2023,0.34962
29-05-2023,0.461072
30-05-2023,-0.041804
31-05-2023,-0.197824
01-06-2023,0.022886
02-06-2023,0.261316
03-06-2023,0.233741
04-06-2023,0.256675
05-06-2023,0.307895
06-06-2023,-0.108491
07-06-2023,0.027621
08-06-2023,-0.245419
09-06-2023,-0.02715
10-06-2023,0.080393
11-06-2023,0.168138
12-06-2023,-0.070467
13-06-2023,0.163014
14-06-2023,-0.01935
15-06-2023,0.048046
16-06-2023,0.238701
17-06-2023,0.254323
18-06-2023,0.193633
19-06-2023,-0.243654
20-06-2023,-0.155757
21-06-2023,0.051211
22-06-2023,-0.094095
23-06-2023,-0.305893
24-06-2023,0.123255
25-06-2023,0.026383
26-06-2023,0.065549
27-06-2023,0.078486
28-06-2023,0.136907
29-06-2023,0.018902
30-06-2023,-0.002569
01-07-2023,0.124761
02-07-2023,0.176898
03-07-2023,0.098197
04-07-2023,0.005182
05-07-2023,-0.07847
06-07-2023,-0.011075
07-07-2023,-0.076185
08-07-2023,0.104364
09-07-2023,0.170162
10-07-2023,-0.074039
11-07-2023,0.260803
12-07-2023,0.053283
13-07-2023,0.187271
14-07-2023,0.228982
15-07-2023,0.172133
16-07-2023,0.282208
17-07-2023,-0.092817
18-07-2023,0.096276
19-07-2023,0.010385
20-07-2023,-0.071386
21-07-2023,-0.07492
22-07-2023,0.180849
23-07-2023,0.120778
24-07-2023,0.120237
25-07-2023,0.253104
26-07-2023,0.001559
27-07-2023,0.38684
28-07-2023,0.123851
29-07-2023,0.24245
30-07-2023,0.200955
31-07-2023,0.388387
01-08-2023,0.023903
02-08-2023,0.112254
03-08-2023,-0.023678
04-08-2023,0.1238
05-08-2023,0.343564
06-08-2023,0.244369
07-08-2023,0.145263
08-08-2023,0.071323
09-08-2023,-0.087162
10-08-2023,-0.013463
11-08-2023,0.157466
12-08-2023,0.223212
13-08-2023,0.141494
14-08-2023,-0.1046
15-08-2023,0.001848
16-08-2023,-0.113451
17-08-2023,0.039014
18-08-2023,0.039606
19-08-2023,0.204848
20-08-2023,0.024955
21-08-2023,0.13212
22-08-2023,-0.121351
23-08-2023,0.131659
24-08-2023,0.026724
25-08-2023,-0.077344
26-08-2023,0.207071
27-08-2023,0.083372
28-08-2023,0.299918
29-08-2023,0.093605
30-08-2023,0.184277
31-08-2023,0.070793
01-09-2023,0.198806
02-09-2023,0.218375
03-09-2023,0.161067
04-09-2023,0.246962
05-09-2023,0.126393
06-09-2023,0.102039
07-09-2023,0.086597
08-09-2023,0.093522
09-09-2023,0.046494
10-09-2023,0.320616
11-09-2023,-0.00807
12-09-2023,0.080141
13-09-2023,-0.019066
14-09-2023,0.355382
15-09-2023,0.361553
16-09-2023,0.078669
17-09-2023,0.072798
18-09-2023,0.258381
19-09-2023,0.164596
20-09-2023,-0.034699
21-09-2023,-0.170161
22-09-2023,0.102877
23-09-2023,0.199026
24-09-2023,0.177462
25-09-2023,-0.087206
26-09-2023,-0.090393
27-09-2023,0.07439
28-09-2023,0.258647
29-09-2023,0.012266
30-09-2023,0.049857
01-10-2023,0.110549
02-10-2023,0.013106
03-10-2023,-0.278179
04-10-2023,-0.091653
05-10-2023,-0.163771
06-10-2023,-0.079462
07-10-2023,0.274442
08-10-2023,0.275718
09-10-2023,0.367504
10-10-2023,0.071044
11-10-2023,0.189355
12-10-2023,0.077352
13-10-2023,0.072747
14-10-2023,0.094128
15-10-2023,0.184546
16-10-2023,0.031143
17-10-2023,-0.310009
18-10-2023,0.266976
19-10-2023,0.007815
20-10-2023,0.063309
21-10-2023,0.146258
22-10-2023,0.213423
23-10-2023,-0.140145
24-10-2023,-0.032115
25-10-2023,-0.098524
26-10-2023,-0.10466
27-10-2023,0.130055
28-10-2023,0.208597
29-10-2023,0.112101
30-10-2023,-0.122485
31-10-2023,0.063116
01-11-2023,-0.037079
02-11-2023,0.150281
03-11-2023,-0.076247
04-11-2023,0.111489
05-11-2023,0.211099
06-11-2023,0.166583
07-11-2023,-0.231649
08-11-2023,-0.163429
09-11-2023,-0.013843
10-11-2023,-0.111252
11-11-2023,0.135513
12-11-2023,0.26107
13-11-2023,-0.199133
14-11-2023,0.041056
15-11-2023,0.0667
16-11-2023,-0.182959
17-11-2023,-0.123732
18-11-2023,0.203956
19-11-2023,0.220415
20-11-2023,0.071252
21-11-2023,0.031808
22-11-2023,-0.211095
23-11-2023,-0.197252
24-11-2023,-0.15923
25-11-2023,0.195429
26-11-2023,0.153042
27-11-2023,-0.172632
28-11-2023,-0.034527
29-11-2023,0.000354
30-11-2023,0.14127
01-12-2023,-0.04083
02-12-2023,0.028866
03-12-2023,0.24427
04-12-2023,0.018342
05-12-2023,-0.200767
06-12-2023,0.018668
07-12-2023,-0.108717
08-12-2023,-0.10088
09-12-2023,0.081605
10-12-2023,0.184149
11-12-2023,0.016624
12-12-2023,0.082782
13-12-2023,-0.024384
14-12-2023,0.304004
15-12-2023,0.340175
16-12-2023,0.209618
17-12-2023,0.217033
18-12-2023,0.269838
19-12-2023,0.44829
20-12-2023,0.290536
21-12-2023,0.161886
22-12-2023,0.161881
23-12-2023,0.260767
24-12-2023,0.244378
25-12-2023,0.325836
26-12-2023,0.197958
27-12-2023,0.020549
28-12-2023,0.02659
29-12-2023,0.052506
30-12-2023,0.004041
31-12-2023,0.262271
